US Node ID 2012,DS Node ID  2012,Link Type 2012,System Type 2012,Conduit Material 2012,Site Condition 2012,Ground Condition 2012,Shape ID 2012,Conduit Width 2012,Conduit Height 2012,Bottom Roughness 2012,Top Roughness 2012,Conduit Length 2012 (ft),US Invert Level 2012 (ft),DS Invert Level 2012 (ft)
mshft1,mshft2,Cond,combined,UNKN,ROAD,SUBURBS,CIRC,2590.800049,2590.800049,0.015,0.015,1124.288611,-299.858,-299.858
mshft2,InfluentGate,Cond,combined,UNKN,ROAD,SUBURBS,CIRC,2590.800049,2590.800049,0.015,0.015,2327.636603,-298.058,-299.858
m-s1,mshft1,Cond,combined,UNKN,ROAD,SUBURBS,CIRC,2590.800049,2590.800049,0.015,0.015,1133.719552,-296.488,-297.338
gb-s2,InfluentGate,Cond,combined,UNKN,ROAD,SUBURBS,CIRC,3200.40006,3200.40006,0.015,0.015,5629.469388,-144.59,-150
bsrc1,bf-b11,Cond,combined,UNKN,ROAD,SUBURBS,RECT,4876.800092,4876.800092,0.015,0.015,64.21066491,-26.37,-26.87
bsrc2,bf-b12,Cond,combined,UNKN,ROAD,SUBURBS,RECT,4876.800092,4876.800092,0.015,0.015,64.21066491,-26.37,-24.87
bsrc3,bf-b13,Cond,combined,UNKN,ROAD,SUBURBS,RECT,4876.800092,4876.800092,0.015,0.015,64.21066491,-26.37,-24.87
scrm11,m-bf11,Cond,combined,UNKN,ROAD,SUBURBS,RECT,3352.800063,3657.600069,0.015,0.015,526.6142008,-26.188,-26.518
scrm12,m-bf12,Cond,combined,UNKN,ROAD,SUBURBS,RECT,3352.800063,3657.600069,0.015,0.015,537.4753267,-26.188,-26.518
scrm13,m-bf13,Cond,combined,UNKN,ROAD,SUBURBS,RECT,3352.800063,3657.600069,0.015,0.015,519.3314799,-26.188,-26.518
gb-s1,bscr-11,Cond,combined,UNKN,ROAD,SUBURBS,CIRC,1828.800034,1828.800034,0.015,0.015,50.16458196,-24.924,-24.933
gb-s12!,bscr-12,Cond,combined,UNKN,ROAD,SUBURBS,CIRC,1828.800034,1828.800034,0.015,0.015,50.16458196,-24.924,-24.933
gb-s3,bscr-13,Cond,combined,UNKN,ROAD,SUBURBS,CIRC,1828.800034,1828.800034,0.015,0.015,50.16458196,-24.924,-24.933
BnxDt,gb-s11,Cond,combined,UNKN,ROAD,SUBURBS,CIRC,1828.800034,1828.800034,0.015,0.015,237.0339501,-24.88,-24.88
BnxDt,gb-s12,Cond,combined,UNKN,ROAD,SUBURBS,CIRC,3657.600069,3657.600069,0.015,0.015,213.2253421,-24.88,-24.88
BnxDt,gb-s13,Cond,combined,UNKN,ROAD,SUBURBS,CIRC,1828.800034,1828.800034,0.015,0.015,243.6161729,-24.88,-24.88
bf-b1,gb-s21,Cond,combined,UNKN,ROAD,SUBURBS,CIRC,3657.600069,3657.600069,0.015,0.015,401.7897549,-24.87,-24.87
bf-b2,gb-s22,Cond,combined,UNKN,ROAD,SUBURBS,CIRC,3657.600069,3657.600069,0.015,0.015,418.3361133,-24.87,-24.87
bf-b3,gb-s23,Cond,combined,UNKN,ROAD,SUBURBS,CIRC,3657.600069,3657.600069,0.015,0.015,423.24395,-24.87,-24.87
BnxFb,BnxDt,Cond,combined,UNKN,ROAD,SUBURBS,RECT,7315.200138,2438.400046,0.015,0.015,1003.291639,-24.87,-24.88
R73.01,BnxFb,Cond,combined,UNKN,ROAD,SUBURBS,RECT,3758.184071,3200.40006,0.015,0.015,298.679921,-24.68,-24.87
R24.01,MtnFb,Cond,combined,UNKN,ROAD,SUBURBS,RECT,3048.000057,2490.216047,0.015,0.015,142.0359974,-24.198,-24.278
m-bf1,m-s11,Cond,combined,UNKN,ROAD,SUBURBS,CIRC,3657.600069,3657.600069,0.015,0.015,199.3540487,-24.188,-24.188
m-bf2,m-s12,Cond,combined,UNKN,ROAD,SUBURBS,CIRC,3657.600069,3657.600069,0.015,0.015,199.3540487,-24.188,-24.188
m-bf3,m-s13,Cond,combined,UNKN,ROAD,SUBURBS,CIRC,3657.600069,3657.600069,0.015,0.015,199.3540487,-24.188,-24.188
MtnDt2,MtnDt3,Cond,combined,UNKN,ROAD,SUBURBS,CIRC,1219.200023,1219.200023,0.015,0.015,114.7298025,-24.188,-24.188
MtnDt2,MtnDt1,Cond,combined,UNKN,ROAD,SUBURBS,CIRC,1219.200023,1219.200023,0.015,0.015,113.7979091,-24.188,-24.188
MtnFb,MtnDt2,Cond,combined,UNKN,ROAD,SUBURBS,RECT,4876.800092,1828.800034,0.015,0.015,1003.291639,-24.188,-24.198
R53.01,R73.01,Cond,combined,UNKN,ROAD,SUBURBS,RECT,3759.200071,3200.40006,0.015,0.015,1097.400395,-24.17,-24.87
R25.02,R24.01,Cond,combined,UNKN,ROAD,SUBURBS,RECT,1728.216032,2209.800042,0.015,0.015,224.8276234,-24.078,-24.198
R23.02,MtnFb,Cond,combined,UNKN,ROAD,SUBURBS,RECT,2133.60004,2133.60004,0.015,0.015,183.2010533,-23.958,-23.988
R25.01,R25.02,Cond,combined,UNKN,ROAD,SUBURBS,RECT,1728.216032,2209.800042,0.015,0.015,824.6053983,-23.468,-24.078
R55.02,R53.01,Cond,combined,UNKN,ROAD,SUBURBS,RECT,2438.400046,3048.000057,0.015,0.015,1302.473206,-23.43,-24.17
R23.01,R23.02,Cond,combined,UNKN,ROAD,SUBURBS,RECT,1727.200032,1905.000036,0.015,0.015,605.1855168,-23.148,-23.958
ADS34,R25.01,Cond,combined,UNKN,ROAD,SUBURBS,RECT,1728.216032,2209.800042,0.015,0.015,953.1270573,-22.858,-23.468
R55.01,R55.02,Cond,combined,UNKN,ROAD,SUBURBS,RECT,2438.400046,3048.000057,0.015,0.015,1302.473206,-22.69,-23.43
R56.01,R55.01,Cond,combined,UNKN,ROAD,SUBURBS,RECT,2438.400046,3048.000057,0.015,0.015,340.7178407,-22.51,-22.69
R31.01,ADS34,Cond,combined,UNKN,ROAD,SUBURBS,RECT,1728.216032,2209.800042,0.015,0.015,634.7826201,-22.388,-22.858
ADS33,R23.01,Cond,combined,UNKN,ROAD,SUBURBS,RECT,1447.800027,1880.616035,0.015,0.015,486.3957867,-22.258,-23.148
R33.01,R31.01,Cond,combined,UNKN,ROAD,SUBURBS,RECT,1728.216032,2209.800042,0.015,0.015,552.6130349,-22.148,-22.388
R19.02,ADS33,Cond,combined,UNKN,ROAD,SUBURBS,RECT,1447.800027,1879.600035,0.015,0.015,665.4833443,-21.958,-22.158
R34.01,R33.01,Cond,combined,UNKN,ROAD,SUBURBS,RECT,1728.216032,2209.800042,0.015,0.015,512.5816985,-21.548,-22.148
R57.01,R56.01,Cond,combined,UNKN,ROAD,SUBURBS,RECT,3048.000057,2438.400046,0.015,0.015,1911.972877,-21.5,-22.51
R19.01,R19.02,Cond,combined,UNKN,ROAD,SUBURBS,RECT,1447.800027,1879.600035,0.015,0.015,796.8142199,-21.058,-21.988
R58.01,R57.01,Cond,combined,UNKN,ROAD,SUBURBS,RECT,3048.000057,2438.400046,0.015,0.015,1533.330612,-20.96,-21.77
R35.01,R34.01,Cond,combined,UNKN,ROAD,SUBURBS,RECT,1676.400032,2081.784039,0.015,0.015,784.8750494,-20.718,-21.548
R17.01,R19.01,Cond,combined,UNKN,ROAD,SUBURBS,RECT,1422.400027,1828.800034,0.015,0.015,524.0192232,-20.638,-20.998
R59.02,R58.01,Cond,combined,UNKN,ROAD,SUBURBS,RECT,3048.000057,2438.400046,0.015,0.015,1527.712179,-20.29,-20.96
R36.01,R35.01,Cond,combined,UNKN,ROAD,SUBURBS,RECT,1574.80003,2032.000038,0.015,0.015,1510.254905,-19.768,-20.718
R59,R59.02,Cond,combined,UNKN,ROAD,SUBURBS,RECT,3048.000057,2286.000043,0.015,0.015,1419.356682,-19.48,-20.3
R15.01,R16.01,Cond,combined,UNKN,ROAD,SUBURBS,RECT,1371.600026,1752.600033,0.015,0.015,276.5071758,-19.258,-19.458
R16.01,R17.01,Cond,combined,UNKN,ROAD,SUBURBS,RECT,1422.400027,1752.600033,0.015,0.015,1077.133904,-19.258,-20.598
R37.02,R36.01,Cond,combined,UNKN,ROAD,SUBURBS,RECT,1575.81603,2033.016038,0.015,0.015,595.2529296,-19.258,-19.768
R37.01,R37.02,Cond,combined,UNKN,ROAD,SUBURBS,RECT,1575.81603,2033.016038,0.015,0.015,576.7522317,-18.918,-19.258
R74.01,PS-MHill.1,Cond,combined,UNKN,ROAD,SUBURBS,CIRC,1371.600026,1371.600026,0.015,0.015,207.2298881,-18.9,-19.66
R72.03,R59,Cond,combined,UNKN,ROAD,SUBURBS,RECT,3048.000057,2286.000043,0.015,0.015,1111.546807,-18.77,-19.48
R14.02,R15.01,Cond,combined,UNKN,ROAD,SUBURBS,RECT,1676.400032,1320.800025,0.015,0.015,285.0351547,-18.758,-19.358
R72.02,R72.03,Cond,combined,UNKN,ROAD,SUBURBS,RECT,3048.000057,2286.000043,0.015,0.015,780.360237,-18.5,-18.92
R38.03,R37.01,Cond,combined,UNKN,ROAD,SUBURBS,RECT,1524.000029,1981.200037,0.015,0.015,501.9468071,-18.178,-18.918
R38.02,R38.03,Cond,combined,UNKN,ROAD,SUBURBS,RECT,1524.000029,1981.200037,0.015,0.015,449.5950494,-18.058,-18.178
R75.03,R74.01,Cond,combined,UNKN,ROAD,SUBURBS,RECT,1219.200023,1828.800034,0.015,0.015,706.1768532,-17.83,-18.9
R72.01,R72.02,Cond,combined,UNKN,ROAD,SUBURBS,RECT,3048.000057,2286.000043,0.015,0.015,1597.842265,-17.64,-18.5
R14.01,R14.02,Cond,combined,UNKN,ROAD,SUBURBS,RECT,1676.400032,1320.800025,0.015,0.015,905.9723502,-17.568,-18.758
R60.01,R72.01,Cond,combined,UNKN,ROAD,SUBURBS,RECT,3048.000057,2286.000043,0.015,0.015,1003.291639,-16.96,-17.5
R38.01,R38.02,Cond,combined,UNKN,ROAD,SUBURBS,RECT,1981.200037,1524.000029,0.015,0.015,1319.529164,-16.958,-18.058
R13.01,R14.01,Cond,combined,UNKN,ROAD,SUBURBS,RECT,1295.400024,1600.20003,0.015,0.015,393.6916392,-16.758,-17.568
R75.02,R75.03,Cond,combined,UNKN,ROAD,SUBURBS,RECT,1219.200023,1828.800034,0.015,0.015,731.6002633,-16.73,-17.83
R61.05,R60.01,Cond,combined,UNKN,ROAD,SUBURBS,CIRC,2590.800049,2590.800049,0.015,0.015,50.16458196,-16.22,-16.96
R12.03,R13.01,Cond,combined,UNKN,ROAD,SUBURBS,RECT,1600.20003,1295.400024,0.015,0.015,550.0044766,-16.088,-16.758
39308,R38.01,Cond,combined,UNKN,ROAD,SUBURBS,RECT,1905.000036,1371.600026,0.015,0.015,969.6813693,-16.058,-16.958
R61.04,R61.05,Cond,combined,UNKN,ROAD,SUBURBS,CIRC,2590.800049,2590.800049,0.015,0.015,1070.211192,-15.9,-16.22
R60.02,R61.04,Cond,combined,UNKN,ROAD,SUBURBS,CIRC,2590.800049,2590.800049,0.015,0.015,1872.844503,-15.34,-15.9
R11.01,R12.03,Cond,combined,UNKN,ROAD,SUBURBS,RECT,1600.20003,1295.400024,0.015,0.015,753.5723502,-15.158,-16.088
R39.01,39308,Cond,combined,UNKN,ROAD,SUBURBS,RECT,1905.000036,1371.600026,0.015,0.015,1241.673733,-15.088,-16.058
R75.01,R75.02,Cond,combined,UNKN,ROAD,SUBURBS,RECT,1219.200023,1828.800034,0.015,0.015,477.5668203,-15.04,-16.73
R61.01,R60.02,Cond,combined,UNKN,ROAD,SUBURBS,CIRC,2590.800049,2590.800049,0.015,0.015,802.6333114,-14.98,-15.22
R40.01,R39.01,Cond,combined,UNKN,ROAD,SUBURBS,RECT,1371.600026,1905.000036,0.015,0.015,292.3591837,-14.868,-15.088
R62.01,R61.01,Cond,combined,UNKN,ROAD,SUBURBS,CIRC,2590.800049,2590.800049,0.015,0.015,1103.620803,-14.65,-14.98
R41.01,R40.01,Cond,combined,UNKN,ROAD,SUBURBS,RECT,1371.600026,1905.000036,0.015,0.015,265.5913627,-14.638,-14.868
R42.01,R41.01,Cond,combined,UNKN,ROAD,SUBURBS,RECT,1371.600026,1905.000036,0.015,0.015,237.3988677,-14.418,-14.638
R63.01,R62.01,Cond,combined,UNKN,ROAD,SUBURBS,CIRC,2590.800049,2590.800049,0.015,0.015,601.9749835,-14.33,-14.51
R43.01,R42.01,Cond,combined,UNKN,ROAD,SUBURBS,RECT,1371.600026,1905.000036,0.015,0.015,329.0796577,-14.138,-14.418
R64.02,R63.01,Cond,combined,UNKN,ROAD,SUBURBS,CIRC,2590.800049,2590.800049,0.015,0.015,936.3720869,-14.05,-14.33
R10.01,R11.01,Cond,combined,UNKN,ROAD,SUBURBS,RECT,1524.000029,1270.000024,0.015,0.015,750.8634628,-14.028,-15.158
R44.01,R43.01,Cond,combined,UNKN,ROAD,SUBURBS,RECT,1371.600026,1905.000036,0.015,0.015,319.6988808,-13.918,-14.138
R64.01,R64.02,Cond,combined,UNKN,ROAD,SUBURBS,CIRC,2590.800049,2590.800049,0.015,0.015,1133.719552,-13.71,-14.05
R45.02,R44.01,Cond,combined,UNKN,ROAD,SUBURBS,RECT,1828.800034,1371.600026,0.015,0.015,584.6180382,-13.078,-13.558
R65.02,R64.01,Cond,combined,UNKN,ROAD,SUBURBS,CIRC,2438.400046,2438.400046,0.015,0.015,735.7137591,-12.95,-13.17
R09.01,R10.01,Cond,combined,UNKN,ROAD,SUBURBS,RECT,1524.000029,1270.000024,0.015,0.015,572.277551,-12.888,-14.028
R71.01,BnxFb,Cond,combined,UNKN,ROAD,SUBURBS,CIRC,1219.200023,1219.200023,0.015,0.015,684.3452271,-12.82,-13.59
R45.01,R45.02,Cond,combined,UNKN,ROAD,SUBURBS,RECT,1828.800034,1371.600026,0.015,0.015,517.9994733,-12.708,-13.058
R65.01,R65.02,Cond,combined,UNKN,ROAD,SUBURBS,CIRC,2438.400046,2438.400046,0.015,0.015,942.4921659,-12.64,-12.95
R08.01,R09.01,Cond,combined,UNKN,ROAD,SUBURBS,RECT,1270.000024,1524.000029,0.015,0.015,277.8114549,-12.318,-12.888
R76.02,R75.01,Cond,combined,UNKN,ROAD,SUBURBS,CIRC,1219.200023,1219.200023,0.015,0.015,1122.081369,-12.2,-15.04
R46.03,R45.01,Cond,combined,UNKN,ROAD,SUBURBS,RECT,1828.800034,1371.600026,0.015,0.015,507.364582,-12.158,-12.758
R46.02,R46.03,Cond,combined,UNKN,ROAD,SUBURBS,RECT,1828.800034,1371.600026,0.015,0.015,346.8379197,-11.928,-12.158
R46.01,R46.02,Cond,combined,UNKN,ROAD,SUBURBS,RECT,1752.600033,990.6000186,0.015,0.015,227.6468729,-11.798,-11.928
R66.03,R65.01,Cond,combined,UNKN,ROAD,SUBURBS,CIRC,2286.000043,2286.000043,0.015,0.015,1630.348914,-11.59,-12.24
R70.02,R71.01,Cond,combined,UNKN,ROAD,SUBURBS,CIRC,1219.200023,1219.200023,0.015,0.015,811.6629361,-11.59,-12.82
R70.01,R70.02,Cond,combined,UNKN,ROAD,SUBURBS,CIRC,1219.200023,1219.200023,0.015,0.015,1215.086504,-11.04,-11.59
BR23.02,R23.01,Cond,combined,UNKN,ROAD,SUBURBS,CIRC,762.0000143,762.0000143,0.015,0.015,200.6583278,-10.458,-11.048
R66.01,R66.03,Cond,combined,UNKN,ROAD,SUBURBS,CIRC,2286.000043,2286.000043,0.015,0.015,2859.381172,-10.45,-11.59
BR45.02,R45.01,Cond,combined,UNKN,ROAD,SUBURBS,CIRC,609.6000115,609.6000115,0.015,0.015,200.6583278,-10.288,-12.708
R07.02,R08.01,Cond,combined,UNKN,ROAD,SUBURBS,RECT,1524.000029,1270.000024,0.015,0.015,413.6571429,-10.258,-12.358
R47.05,R46.01,Cond,combined,UNKN,ROAD,SUBURBS,RECT,762.0000143,1143.000021,0.015,0.015,200.6583278,-10.018,-11.798
R67.03,R66.01,Cond,combined,UNKN,ROAD,SUBURBS,CIRC,2133.60004,2133.60004,0.015,0.015,1047.837788,-9.98,-10.45
BR19.01,R19.01,Cond,combined,UNKN,ROAD,SUBURBS,CIRC,609.6000115,609.6000115,0.015,0.015,611.0046083,-9.958,-13.128
R76.01,R76.02,Cond,combined,UNKN,ROAD,SUBURBS,CIRC,1219.200023,1219.200023,0.015,0.015,1003.492298,-9.69,-12.2
R67.02,R67.03,Cond,combined,UNKN,ROAD,SUBURBS,CIRC,2133.60004,2133.60004,0.015,0.015,1103.620803,-9.5,-9.98
R69.01,R70.01,Cond,combined,UNKN,ROAD,SUBURBS,CIRC,1143.000021,1143.000021,0.015,0.015,1047.938117,-9.34,-10.78
R6701.1.1,R67.02,Cond,combined,UNKN,ROAD,SUBURBS,CIRC,2133.60004,2133.60004,0.015,0.015,948.0090046,-9.093417066,-9.5
R07.01,R07.02,Cond,combined,UNKN,ROAD,SUBURBS,RECT,990.6000186,1295.400024,0.015,0.015,742.7368005,-9.088,-10.258
R67.01,R6701.1.1,Cond,combined,UNKN,ROAD,SUBURBS,CIRC,2133.60004,2133.60004,0.015,0.015,267.5778802,-9,-9.12
68,R47.05,Cond,combined,UNKN,ROAD,SUBURBS,CIRC,1295.400024,1295.400024,0.015,0.015,309.1299328,-8.808,-10.018
BR23.01,BR23.02,Cond,combined,UNKN,ROAD,SUBURBS,CIRC,762.0000143,762.0000143,0.015,0.015,311.6223831,-8.348,-10.458
BR25.02,R25.01,Cond,combined,UNKN,ROAD,SUBURBS,CIRC,457.2000086,457.2000086,0.015,0.015,412.5535221,-8.188,-9.478
R47.02,68,Cond,combined,UNKN,ROAD,SUBURBS,RECT,1295.400024,990.6000186,0.015,0.015,406.291763,-8.038,-8.808
BR70.02,R70.01,Cond,combined,UNKN,ROAD,SUBURBS,CIRC,1219.200023,1219.200023,0.015,0.015,200.6583278,-8,-11.04
R06.01,R07.01,Cond,combined,UNKN,ROAD,SUBURBS,RECT,863.6000162,1143.000021,0.015,0.015,304.198025,-7.948,-9.088
WI-WTP,RW--WI,Cond,combined,UNKN,ROAD,SUBURBS,RECT,6096.000115,3048.000057,0.015,0.015,601.0927782,-7.858,-7.978
C72.001,R72,Cond,combined,UNKN,ROAD,SUBURBS,CIRC,1219.200023,1219.200023,0.015,0.015,200.6583278,-7.6,-8.6
BR31.01,R31.01,Cond,combined,UNKN,ROAD,SUBURBS,CIRC,609.6000115,609.6000115,0.015,0.015,657.958657,-7.588,-10.358
BR12.02,R11.01,Cond,combined,UNKN,ROAD,SUBURBS,CIRC,304.8000057,304.8000057,0.015,0.015,200.6583278,-7.528,-15.418
R05.01,R06.01,Cond,combined,UNKN,ROAD,SUBURBS,RECT,862.5840162,1143.000021,0.015,0.015,313.0269914,-7.498,-7.948
R68.02,R69.01,Cond,combined,UNKN,ROAD,SUBURBS,CIRC,1066.80002,1066.80002,0.015,0.015,836.7452271,-7.47,-9.34
R67,BR67.01,Cond,combined,UNKN,ROAD,SUBURBS,RECT,2438.400046,1828.800034,0.015,0.015,100.3291639,-7.45,-7.55
BR69.02,R69.01,Cond,combined,UNKN,ROAD,SUBURBS,CIRC,762.0000143,762.0000143,0.015,0.015,200.6583278,-7.42,-9.34
R47.01,R47.02,Cond,combined,UNKN,ROAD,SUBURBS,RECT,762.0000143,1143.000021,0.015,0.015,501.244503,-7.348,-8.038
BR45.01,BR45.02,Cond,combined,UNKN,ROAD,SUBURBS,CIRC,609.6000115,609.6000115,0.015,0.015,406.1324556,-7.228,-10.288
R04.01,R05.01,Cond,combined,UNKN,ROAD,SUBURBS,RECT,1143.000021,863.6000162,0.015,0.015,217.5136274,-7.178,-7.498
R68.01,R68.02,Cond,combined,UNKN,ROAD,SUBURBS,CIRC,1066.80002,1066.80002,0.015,0.015,1379.024358,-7.13,-7.43
BR63.03,R63.01,Cond,combined,UNKN,ROAD,SUBURBS,CIRC,381.0000072,381.0000072,0.015,0.015,230.757077,-7.1,-8.25
C73.001,R73,Cond,combined,UNKN,ROAD,SUBURBS,RECT,3962.400074,3048.000057,0.015,0.015,559.0341014,-7,-7.6
C73.001,R73,Cond,combined,UNKN,ROAD,SUBURBS,RECT,3962.400074,3048.000057,0.015,0.015,559.0341014,-7,-7.6
C53.001,R53,Cond,combined,UNKN,ROAD,SUBURBS,RECT,3657.600069,2997.200056,0.015,0.015,765.9128374,-6.97,-7.92
O53.01,WI53-068,Cond,combined,UNKN,ROAD,SUBURBS,RECT,3657.600069,2844.800053,0.015,0.015,252.9298223,-6.9,-8.58
BR69.01,BR69.02,Cond,combined,UNKN,ROAD,SUBURBS,CIRC,762.0000143,762.0000143,0.015,0.015,660.1658986,-6.8,-7.42
R03.01,R04.01,Cond,combined,UNKN,ROAD,SUBURBS,RECT,1143.000021,863.6000162,0.015,0.015,265.6716261,-6.798,-7.178
R48.01,R47.01,Cond,combined,UNKN,ROAD,SUBURBS,CIRC,1066.80002,1066.80002,0.015,0.015,384.7623436,-6.798,-7.348
BR26.02,BR25.02,Cond,combined,UNKN,ROAD,SUBURBS,CIRC,381.0000072,381.0000072,0.015,0.015,218.1156024,-6.668,-8.188
BR66.02,R66.01,Cond,combined,UNKN,ROAD,SUBURBS,CIRC,838.2000158,838.2000158,0.015,0.015,368.7096774,-6.45,-7.92
BR30.01,BR31.01,Cond,combined,UNKN,ROAD,SUBURBS,CIRC,381.0000072,381.0000072,0.015,0.015,179.2480843,-6.448,-7.588
BR74.01,R74.01,Cond,combined,UNKN,ROAD,SUBURBS,CIRC,457.2000086,457.2000086,0.015,0.015,176.3686373,-6.38,-18.9
BR65.02,R65.01,Cond,combined,UNKN,ROAD,SUBURBS,CIRC,685.8000129,685.8000129,0.015,0.015,243.6995392,-6.32,-8.02
C53.002,C53.001,Cond,combined,UNKN,ROAD,SUBURBS,RECT,3657.600069,2895.600054,0.015,0.015,1631.452535,-6.2,-6.97
BR21.02,BR19.01,Cond,combined,UNKN,ROAD,SUBURBS,CIRC,304.8000057,304.8000057,0.015,0.015,54.17774852,-6.048,-9.958
BR66.01,BR66.02,Cond,combined,UNKN,ROAD,SUBURBS,CIRC,838.2000158,838.2000158,0.015,0.015,112.8703094,-6,-6.45
BR55.01,R55.01,Cond,combined,UNKN,ROAD,SUBURBS,CIRC,609.6000115,609.6000115,0.015,0.015,388.9761685,-5.91,-7.36
BR70.01,BR70.02,Cond,combined,UNKN,ROAD,SUBURBS,CIRC,457.2000086,457.2000086,0.015,0.015,740.4292298,-5.9,-8
BR16.01,R16.01,Cond,combined,UNKN,ROAD,SUBURBS,CIRC,457.2000086,457.2000086,0.015,0.015,158.9715602,-5.898,-7.198
39203,C53.002,Cond,combined,UNKN,ROAD,SUBURBS,RECT,3657.600069,2870.200054,0.015,0.015,999.3788018,-5.88,-6.2
39228,39203,Cond,combined,UNKN,ROAD,SUBURBS,RECT,3657.600069,2844.800053,0.015,0.015,173.2684661,-5.85,-5.88
39352,39228,Cond,combined,UNKN,ROAD,SUBURBS,RECT,3657.600069,2819.400053,0.015,0.015,188.518499,-5.81,-5.85
39352,C53.003,Cond,combined,UNKN,ROAD,SUBURBS,RECT,3657.600069,2819.400053,0.015,0.015,202.4642528,-5.79,-5.81
39675,C53.003,Cond,combined,UNKN,ROAD,SUBURBS,RECT,3657.600069,2794.000053,0.015,0.015,395.1965767,-5.77,-5.79
39675,39125,Cond,combined,UNKN,ROAD,SUBURBS,RECT,3657.600069,2895.600054,0.015,0.015,381.6521396,-5.75,-5.77
39125,C53.004,Cond,combined,UNKN,ROAD,SUBURBS,RECT,3657.600069,2794.000053,0.015,0.015,472.7510204,-5.69,-5.75
39-MH07,BR65.02,Cond,combined,UNKN,ROAD,SUBURBS,CIRC,685.8000129,685.8000129,0.015,0.015,107.4525346,-5.57,-6.32
BR25.01,BR25.02,Cond,combined,UNKN,ROAD,SUBURBS,CIRC,304.8000057,304.8000057,0.015,0.015,116.0005793,-5.338,-8.188
R02B.01,R03.01,Cond,combined,UNKN,ROAD,SUBURBS,RECT,1143.000021,863.6000162,0.015,0.015,184.4050033,-5.328,-6.798
C53.005,C53.004,Cond,combined,UNKN,ROAD,SUBURBS,RECT,2438.400046,2692.298451,0.015,0.015,1005.298223,-5.3,-5.69
BR27.01,BR26.02,Cond,combined,UNKN,ROAD,SUBURBS,CIRC,304.8000057,304.8000057,0.015,0.015,408.841343,-5.298,-6.668
TG60A,R60,Cond,combined,UNKN,ROAD,SUBURBS,CIRC,609.6000115,609.6000115,0.015,0.015,58.6925609,-5.252,-7
C57.001,R57,Cond,combined,UNKN,ROAD,SUBURBS,EGG,710.1840134,1066.80002,0.015,0.015,294.355734,-5.2,-6.43
BR29.01,BR30.01,Cond,combined,UNKN,ROAD,SUBURBS,CIRC,304.8000057,304.8000057,0.015,0.015,316.4582488,-5.138,-6.448
R50.01,R48.01,Cond,combined,UNKN,ROAD,SUBURBS,CIRC,1066.80002,1066.80002,0.015,0.015,942.7429888,-5.058,-6.798
BR35.01,R35.01,Cond,combined,UNKN,ROAD,SUBURBS,CIRC,609.6000115,609.6000115,0.015,0.015,187.2944832,-5.028,-6.208
BR15.01,R15.01,Cond,combined,UNKN,ROAD,SUBURBS,CIRC,457.2000086,457.2000086,0.015,0.015,275.403555,-4.918,-7.558
C67.001,R67,Cond,combined,UNKN,ROAD,SUBURBS,RECT,4572.000086,2794.000053,0.015,0.015,443.1539171,-4.9,-5.75
C67.001,R67,Cond,combined,UNKN,ROAD,SUBURBS,RECT,4572.000086,2794.000053,0.015,0.015,443.1539171,-4.9,-5.75
BR65.01,39-MH07,Cond,combined,UNKN,ROAD,SUBURBS,CIRC,685.8000129,685.8000129,0.015,0.015,129.0233048,-4.77,-5.57
39402,C53.005,Cond,combined,UNKN,ROAD,SUBURBS,RECT,2438.400046,2692.298451,0.015,0.015,679.3287689,-4.7,-5.3
97,R24,Cond,combined,UNKN,ROAD,SUBURBS,RECT,3657.600069,2438.400046,0.015,0.015,507.6655695,-4.632,-5.108
9,R58,Cond,combined,UNKN,ROAD,SUBURBS,RECT,3657.600069,1905.000036,0.015,0.015,131.3308756,-4.6,-5.05
C67.002,C67.001,Cond,combined,UNKN,ROAD,SUBURBS,RECT,3962.400074,2616.200049,0.015,0.015,626.9569454,-4.48,-4.9
C67.002,C67.001,Cond,combined,UNKN,ROAD,SUBURBS,RECT,3962.400074,2616.200049,0.015,0.015,626.9569454,-4.48,-4.9
WI02A-003,RW02-003,Cond,combined,UNKN,ROAD,SUBURBS,RECT,2590.800049,2133.60004,0.015,0.015,58.19091508,-4.458,-4.918
391937,R38,Cond,combined,UNKN,ROAD,SUBURBS,RECT,1524.000029,2743.200052,0.015,0.015,318.0434496,-4.408,-4.728
BR40.01,R40.01,Cond,combined,UNKN,ROAD,SUBURBS,CIRC,304.8000057,304.8000057,0.015,0.015,233.044582,-4.398,-5.158
BR33.01,R33.01,Cond,combined,UNKN,ROAD,SUBURBS,CIRC,381.0000072,381.0000072,0.015,0.015,215.6575379,-4.278,-6.478
13,E138thSt_NYCentralRaiRd,Cond,combined,UNKN,ROAD,SUBURBS,RECT,1828.800034,2082.800039,0.015,0.015,116.4910083,-4.26,-4.49
C41.001,R41,Cond,combined,UNKN,ROAD,SUBURBS,RECT,813.8160153,1219.200023,0.015,0.015,374.8197235,-4.258,-4.818
BR34.01,R34.01,Cond,combined,UNKN,ROAD,SUBURBS,CIRC,304.8000057,304.8000057,0.015,0.015,157.9582357,-4.238,-5.258
R20c,BR21.02,Cond,combined,UNKN,ROAD,SUBURBS,CIRC,304.8000057,304.8000057,0.015,0.015,205.2389858,-4.205862293,-6.048
BR28.01,BR27.01,Cond,combined,UNKN,ROAD,SUBURBS,CIRC,304.8000057,304.8000057,0.015,0.015,332.2901909,-4.158,-5.298
C23.001,R23,Cond,combined,UNKN,ROAD,SUBURBS,RECT,2438.400046,1828.800034,0.015,0.015,661.0395739,-4.118,-4.288
C23.001,R23,Cond,combined,UNKN,ROAD,SUBURBS,RECT,2438.400046,1828.800034,0.015,0.015,661.0395739,-4.118,-4.288
C19.001,R19,Cond,combined,UNKN,ROAD,SUBURBS,CIRC,1600.20003,1600.20003,0.015,0.015,463.4204082,-4.088,-4.548
1,R75,Cond,combined,UNKN,ROAD,SUBURBS,RECT,2590.800049,2133.60004,0.015,0.015,2110.613168,-4.07,-5.8
C60.001,R60,Cond,combined,UNKN,ROAD,SUBURBS,RECT,3048.000057,2590.800049,0.015,0.015,604.4832126,-4.06,-5.38
BR18.01,BR21.02,Cond,combined,UNKN,ROAD,SUBURBS,CIRC,304.8000057,304.8000057,0.015,0.015,319.4480579,-4.038,-6.048
39893,R46,Cond,combined,UNKN,ROAD,SUBURBS,RECT,2743.200052,2895.600054,0.015,0.015,351.4734903,-4.008,-4.858
C16.001,R16,Cond,combined,UNKN,ROAD,SUBURBS,RECT,2590.800049,1600.20003,0.015,0.015,108.1749045,-3.978,-4.308
C70.001,R70,Cond,combined,UNKN,ROAD,SUBURBS,EGG,847.3440159,1271.016024,0.015,0.015,360.0813693,-3.96,-4.67
C38.001,391937,Cond,combined,UNKN,ROAD,SUBURBS,RECT,1524.000029,2743.200052,0.015,0.015,148.2865043,-3.938,-4.338
C69.001,R69,Cond,combined,UNKN,ROAD,SUBURBS,CIRC,1524.000029,1524.000029,0.015,0.015,411.6505596,-3.92,-4.75
R51.03,R50.01,Cond,combined,UNKN,ROAD,SUBURBS,CIRC,914.4000172,914.4000172,0.015,0.015,853.2995392,-3.818,-5.058
39351,C38.001,Cond,combined,UNKN,ROAD,SUBURBS,RECT,1524.000029,2438.400046,0.015,0.015,66.9451186,-3.798,-3.858
75,78,Cond,combined,UNKN,ROAD,SUBURBS,CIRC,1676.400032,1676.400032,0.015,0.015,208.0090663,-3.658,-4.148
78,R45,Cond,combined,UNKN,ROAD,SUBURBS,RECT,2286.000043,1828.800034,0.015,0.015,359.519526,-3.658,-4.828
C31.001,R31,Cond,combined,UNKN,ROAD,SUBURBS,RECT,1371.600026,1524.000029,0.015,0.015,421.3824885,-3.568,-4.338
C68.001,R68,Cond,combined,UNKN,ROAD,SUBURBS,RECT,2286.000043,2081.784039,0.015,0.015,371.9202107,-3.55,-4.28
2,1,Cond,combined,UNKN,ROAD,SUBURBS,EGG2,2133.60004,2362.200044,0.015,0.015,541.9781435,-3.51,-3.98
BR22.01,BR23.01,Cond,combined,UNKN,ROAD,SUBURBS,CIRC,304.8000057,304.8000057,0.015,0.015,344.3296906,-3.478,-8.348
C15.001,R15,Cond,combined,UNKN,ROAD,SUBURBS,RECT,1828.800034,1524.000029,0.015,0.015,284.5335089,-3.438,-3.878
120,C23.001,Cond,combined,UNKN,ROAD,SUBURBS,RECT,2438.400046,1828.800034,0.015,0.015,946.4033687,-3.378,-4.118
120,C23.001,Cond,combined,UNKN,ROAD,SUBURBS,RECT,2438.400046,1828.800034,0.015,0.015,946.4033687,-3.378,-4.118
C44.001,R44,Cond,combined,UNKN,ROAD,SUBURBS,RECT,1524.000029,1828.800034,0.015,0.015,319.07684,-3.368,-4.708
BR12.01,BR12.02,Cond,combined,UNKN,ROAD,SUBURBS,CIRC,304.8000057,304.8000057,0.015,0.015,421.442686,-3.338,-7.528
E110St_3rdAve,97,Cond,combined,UNKN,ROAD,SUBURBS,RECT,3657.600069,2438.400046,0.015,0.015,1521.169406,-3.318846227,-4.632
C67.003,C67.002,Cond,combined,UNKN,ROAD,SUBURBS,RECT,3962.400074,2615.184049,0.015,0.015,1400.795787,-3.3,-4.48
C67.003,C67.002,Cond,combined,UNKN,ROAD,SUBURBS,RECT,3962.400074,2615.184049,0.015,0.015,1400.795787,-3.3,-4.48
C25.001,R25,Cond,combined,UNKN,ROAD,SUBURBS,Phase II Meter 1,2438.400046,1600.20003,0.015,0.015,241.4922976,-3.258,-4.148
BR39.01,R39.01,Cond,combined,UNKN,ROAD,SUBURBS,CIRC,304.8000057,304.8000057,0.015,0.015,264.7485978,-3.238,-5.818
BR21.01,R20c,Cond,combined,UNKN,ROAD,SUBURBS,CIRC,304.8000057,304.8000057,0.015,0.015,108.3899806,-3.233,-4.205862293
BR13.01,R13.01,Cond,combined,UNKN,ROAD,SUBURBS,CIRC,304.8000057,304.8000057,0.015,0.015,284.0318631,-3.188,-4.658
C60.002,C60.001,Cond,combined,UNKN,ROAD,SUBURBS,RECT,3048.000057,2590.800049,0.015,0.015,464.9654773,-3.16,-4.06
BR32.01,BR31.01,Cond,combined,UNKN,ROAD,SUBURBS,CIRC,304.8000057,304.8000057,0.015,0.015,349.0451613,-3.068,-7.758
C53.006,39402,Cond,combined,UNKN,ROAD,SUBURBS,RECT,2438.400046,2692.400051,0.015,0.015,848.4837393,-3.05,-4.7
66,R59.01,Cond,combined,UNKN,ROAD,SUBURBS,CIRC,1524.000029,1524.000029,0.015,0.015,493.8323407,-3.014075195,-5.87
BR56.01,R56.01,Cond,combined,UNKN,ROAD,SUBURBS,CIRC,304.8000057,304.8000057,0.015,0.015,164.5498618,-3.01,-4.4
Meter01,C25.001,Cond,combined,UNKN,ROAD,SUBURBS,Phase II Meter 1,2438.400046,1600.20003,0.015,0.015,200.6583278,-3.01,-3.258
55,13,Cond,combined,UNKN,ROAD,SUBURBS,RECT,1727.200032,1930.400036,0.015,0.015,1409.774261,-3,-4.26
C43.001,R43.01,Cond,combined,UNKN,ROAD,SUBURBS,RECT,710.1840134,1066.80002,0.015,0.015,166.6367084,-2.998,-3.858
BR36.01,R36.01,Cond,combined,UNKN,ROAD,SUBURBS,CIRC,381.0000072,381.0000072,0.015,0.015,318.4447663,-2.978,-5.658
C55.001,R55,Cond,combined,UNKN,ROAD,SUBURBS,RECT,1320.800025,1574.80003,0.015,0.015,302.8937459,-2.93,-3.32
E110St_LexingtonAve,E110St_3rdAve,Cond,combined,UNKN,ROAD,SUBURBS,RECT,3657.600069,2438.400046,0.015,0.015,452.8350006,-2.928,-3.318846227
C42.001,R42,Cond,combined,UNKN,ROAD,SUBURBS,RECT,710.1840134,1066.80002,0.015,0.015,296.9241606,-2.918,-4.048
81,39893,Cond,combined,UNKN,ROAD,SUBURBS,CIRC,2895.600054,2895.600054,0.015,0.015,1103.474849,-2.848,-4.008
C40.001,R40,Cond,combined,UNKN,ROAD,SUBURBS,RECT,710.1840134,1066.80002,0.015,0.015,393.6816063,-2.828,-3.438
C47.001,R47,Cond,combined,UNKN,ROAD,SUBURBS,RECT,813.8160153,1219.200023,0.015,0.015,201.0596445,-2.768,-3.198
92,C38.001,Cond,combined,UNKN,ROAD,SUBURBS,RECT,1524.000029,2743.200052,0.015,0.015,486.0882157,-2.748,-3.938
ADS31,R07,Cond,combined,UNKN,ROAD,SUBURBS,RECT,1524.000029,2133.60004,0.015,0.015,50.16458196,-2.708,-4.978
3,2,Cond,combined,UNKN,ROAD,SUBURBS,EGG2,1371.600026,1727.200032,0.015,0.015,497.4471323,-2.67,-3.5
C11.001,R11,Cond,combined,UNKN,ROAD,SUBURBS,RECT,1905.000036,1295.400024,0.015,0.015,414.8610928,-2.618,-3.688
C66.001,R66,Cond,combined,UNKN,ROAD,SUBURBS,CIRC,1676.400032,1676.400032,0.015,0.015,300.9874918,-2.614,-2.64
R02A,R02B,Cond,combined,UNKN,ROAD,SUBURBS,CIRC,762.0000143,762.0000143,0.015,0.015,75.85888084,-2.558,-3.118
BR26.01,BR26.02,Cond,combined,UNKN,ROAD,SUBURBS,CIRC,304.8000057,304.8000057,0.015,0.015,183.3314812,-2.548,-6.668
BR17.01,R17.01,Cond,combined,UNKN,ROAD,SUBURBS,CIRC,304.8000057,304.8000057,0.015,0.015,510.1737986,-2.438,-5.128
BR54.02,R53.01,Cond,combined,UNKN,ROAD,SUBURBS,CIRC,381.0000072,381.0000072,0.015,0.015,200.6583278,-2.42,-24.17
95269,120,Cond,combined,UNKN,ROAD,SUBURBS,RECT,3048.000057,1828.800034,0.015,0.015,995.4005111,-2.352,-2.548
9572120,95269,Cond,combined,UNKN,ROAD,SUBURBS,CIRC,609.6000115,609.6000115,0.015,0.015,150.5655723,-2.32,-2.352
9572120,95269,Cond,combined,UNKN,ROAD,SUBURBS,CIRC,1219.200023,1219.200023,0.015,0.015,150.5655723,-2.32,-2.352
391255,C53.006,Cond,combined,UNKN,ROAD,SUBURBS,RECT,2438.400046,2641.70165,0.015,0.015,452.7855168,-2.26,-3.05
C13.001,R13,Cond,combined,UNKN,ROAD,SUBURBS,RECT,710.1840134,762.0000143,0.015,0.015,88.77124424,-2.248,-2.398
E106St_ParkAve,9572120,Cond,combined,UNKN,ROAD,SUBURBS,RECT,1727.200032,1524.000029,0.015,0.015,300.552312,-2.208,-2.319632491
C65.001,R65,Cond,combined,UNKN,ROAD,SUBURBS,CIRC,1447.800027,1447.800027,0.015,0.015,94.91138907,-2.185,-1.57
E110St_ParkAve.,E110St_LexingtonAve,Cond,combined,UNKN,ROAD,SUBURBS,RECT,3657.600069,2438.400046,0.015,0.015,583.1255382,-2.158,-2.928
C67.004,C67.003,Cond,combined,UNKN,ROAD,SUBURBS,RECT,3962.400074,2615.184049,0.015,0.015,1103.420145,-2.11,-3.3
C67.004,C67.003,Cond,combined,UNKN,ROAD,SUBURBS,RECT,3962.400074,2615.184049,0.015,0.015,1103.420145,-2.11,-3.3
E109St_ParkAve,E110St_ParkAve.,Cond,combined,UNKN,ROAD,SUBURBS,RECT,1524.000029,1219.200023,0.015,0.015,169.556287,-2.108,-2.158
4,3,Cond,combined,UNKN,ROAD,SUBURBS,EGG,1320.800025,1651.000031,0.015,0.015,497.6326531,-2.06,-2.67
392731,C11.001,Cond,combined,UNKN,ROAD,SUBURBS,CIRC,1524.000029,1524.000029,0.015,0.015,384.5943353,-2.048,-2.618
E95St_2ndAve,C15.001,Cond,combined,UNKN,ROAD,SUBURBS,RECT,1828.800034,1524.000029,0.015,0.015,732.3572008,-2.018,-3.438
E110St_ParkAve_2,E110St_ParkAve.,Cond,combined,UNKN,ROAD,SUBURBS,RECT,3657.600069,2438.400046,0.015,0.015,103.034974,-1.96088643,-2.158
C12.001,R12,Cond,combined,UNKN,ROAD,SUBURBS,CIRC,609.6000115,609.6000115,0.015,0.015,262.7286352,-1.858,-2.608
R20b,WI19-043,Cond,combined,UNKN,ROAD,SUBURBS,RECT,457.2000086,482.6000091,0.015,0.015,313.6578513,-1.858,-4.358
c56.001,R56,Cond,combined,UNKN,ROAD,SUBURBS,RECT,812.8000153,1219.200023,0.015,0.015,549.8038183,-1.847,-2.24
C37.001,R37,Cond,combined,UNKN,ROAD,SUBURBS,RECT,711.2000134,1066.80002,0.015,0.015,327.5747202,-1.828,-4.098
39958,C60.002,Cond,combined,UNKN,ROAD,SUBURBS,RECT,3048.000057,2590.800049,0.015,0.015,723.2829756,-1.76,-3.16
R01.01,R02B.01,Cond,combined,UNKN,ROAD,SUBURBS,CIRC,304.8000057,304.8000057,0.015,0.015,351.954707,-1.698,-5.328
C58.001,9,Cond,combined,UNKN,ROAD,SUBURBS,RECT,3657.600069,1905.000036,0.015,0.015,426.4992758,-1.6,-4.6
112,E106St_ParkAve,Cond,combined,UNKN,ROAD,SUBURBS,RECT,1371.600026,1219.200023,0.015,0.015,515.7376733,-1.598,-1.698
C35.001,R35,Cond,combined,UNKN,ROAD,SUBURBS,RECT,812.8000153,1219.200023,0.015,0.015,263.9660303,-1.588,-2.698
E138thSt_NYCentralRaiRd,C58.001,Cond,combined,UNKN,ROAD,SUBURBS,RECT,3657.600069,1905.000036,0.015,0.015,237.0871632,-1.55,-1.6
57!,c56.001,Cond,combined,UNKN,ROAD,SUBURBS,EGG,812.8000153,1219.200023,0.015,0.015,1530.856538,-1.46,-1.847
57,E138thSt_NYCentralRaiRd,Cond,combined,UNKN,ROAD,SUBURBS,CIRC,1524.000029,1524.000029,0.015,0.015,473.7344999,-1.45,-1.55
107St_ParkAve,E106St_ParkAve,Cond,combined,UNKN,ROAD,SUBURBS,RECT,1524.000029,1219.200023,0.015,0.015,280.7154799,-1.188,-1.698
C67.005,C67.004,Cond,combined,UNKN,ROAD,SUBURBS,RECT,3962.400074,2615.184049,0.015,0.015,1061.783542,-1.13,-2.11
C67.005,C67.004,Cond,combined,UNKN,ROAD,SUBURBS,RECT,3962.400074,2615.184049,0.015,0.015,1061.783542,-1.13,-2.11
76,81,Cond,combined,UNKN,ROAD,SUBURBS,CIRC,1676.400032,1676.400032,0.015,0.015,794.1992007,-1.128,-2.848
5,4,Cond,combined,UNKN,ROAD,SUBURBS,EGG,1270.000024,1574.80003,0.015,0.015,754.4753127,-1.11,-2.05
83,76,Cond,combined,UNKN,ROAD,SUBURBS,RECT,2438.400046,1828.800034,0.015,0.015,234.6249012,-1.078,-1.128
C14.001,R14,Cond,combined,UNKN,ROAD,SUBURBS,RECT,1524.000029,1371.600026,0.015,0.015,174.3720869,-0.928,-3.438
BR54.01,BR54.02,Cond,combined,UNKN,ROAD,SUBURBS,CIRC,381.0000072,381.0000072,0.015,0.015,273.0558525,-0.88,-2.42
39040,75,Cond,combined,UNKN,ROAD,SUBURBS,RECT,1524.000029,1828.800034,0.015,0.015,1353.523186,-0.848,-3.658
C33.001,R33,Cond,combined,UNKN,ROAD,SUBURBS,RECT,1219.200023,1447.800027,0.015,0.015,298.0378144,-0.778,-1.838
O50.01,WI50-050,Cond,combined,UNKN,ROAD,SUBURBS,CIRC,609.6000115,609.6000115,0.015,0.015,711.1331139,-0.778,-3.418
C48.001,R48,Cond,combined,UNKN,ROAD,SUBURBS,CIRC,381.0000072,381.0000072,0.015,0.015,278.9150757,-0.768,-2.258
67,107St_ParkAve,Cond,combined,UNKN,ROAD,SUBURBS,RECT,1524.000029,1219.200023,0.015,0.015,146.1532505,-0.738,-1.188
BR71.02,R71.01,Cond,combined,UNKN,ROAD,SUBURBS,CIRC,356.6160067,356.6160067,0.015,0.015,200.6583278,-0.73,-12.78
C39.001,R39,Cond,combined,UNKN,ROAD,SUBURBS,RECT,813.8160153,1219.200023,0.015,0.015,484.7202897,-0.628,-2.368
N700,ADS31,Cond,combined,UNKN,ROAD,SUBURBS,RECT,1524.000029,2133.60004,0.015,0.015,77.28355497,-0.618,-2.708
C60.003,39958,Cond,combined,UNKN,ROAD,SUBURBS,RECT,3048.000057,2438.400046,0.015,0.015,604.4832126,-0.59,-1.76
C29.001,R29,Cond,combined,UNKN,ROAD,SUBURBS,RECT,812.8000153,1219.200023,0.015,0.015,494.4221198,-0.558,-3.528
C36.001,R36,Cond,combined,UNKN,ROAD,SUBURBS,RECT,711.2000134,1219.200023,0.015,0.015,266.7752469,-0.528,-2.648
91,92,Cond,combined,UNKN,ROAD,SUBURBS,RECT,1828.800034,1524.000029,0.015,0.015,421.8467534,-0.508,-2.048
C32.001,R32,Cond,combined,UNKN,ROAD,SUBURBS,RECT,710.1840134,1219.200023,0.015,0.015,215.8882949,-0.488,-2.328
110,E110St_ParkAve.,Cond,combined,UNKN,ROAD,SUBURBS,RECT,1219.200023,812.8000153,0.015,0.015,487.6479511,-0.458,-2.158
E112St_ParkAve.,E110St_ParkAve_2,Cond,combined,UNKN,ROAD,SUBURBS,RECT,1219.200023,812.8000153,0.015,0.015,486.62241,-0.458,-2.158
C67.006,C67.005,Cond,combined,UNKN,ROAD,SUBURBS,"12'X 8'7"" (1639)",3657.600069,2615.184049,0.015,0.015,615.6197498,-0.45,-1.13
C67.006,C67.005,Cond,combined,UNKN,ROAD,SUBURBS,"12'X 8'7"" (1639)",3657.600069,2615.184049,0.015,0.015,615.6197498,-0.45,-1.13
69,81,Cond,combined,UNKN,ROAD,SUBURBS,CIRC,2133.60004,2133.60004,0.015,0.015,567.5289746,-0.398,-2.848
24480,5,Cond,combined,UNKN,ROAD,SUBURBS,RECT,1066.80002,1422.400027,0.015,0.015,610.0013167,-0.35,-1.11
C74.001,R74,Cond,combined,UNKN,ROAD,SUBURBS,CIRC,1219.200023,1219.200023,0.015,0.015,608.8976959,-0.16,-3.2
98,E110St_ParkAve_2,Cond,combined,UNKN,ROAD,SUBURBS,RECT,3657.600069,2438.400046,0.015,0.015,941.9029962,-0.158,-1.96088643
R61,R61.01,Cond,combined,UNKN,ROAD,SUBURBS,CIRC,609.6000115,609.6000115,0.015,0.015,50.16458196,-0.13,-0.15
54,55,Cond,combined,UNKN,ROAD,SUBURBS,RECT,1625.600031,1828.800034,0.015,0.015,1859.680018,-0.1,-3
396704,C67.004,Cond,combined,UNKN,ROAD,SUBURBS,CIRC,1244.600023,1244.600023,0.015,0.015,359.5400542,-0.08,-0.29
6,24480,Cond,combined,UNKN,ROAD,SUBURBS,RECT,1016.000019,1346.200025,0.015,0.015,240.7899934,-0.05,-0.35
C60.004,C60.003,Cond,combined,UNKN,ROAD,SUBURBS,RECT,2743.200052,2438.400046,0.015,0.015,309.9769849,-0.01,-0.59
BR71.01,BR71.02,Cond,combined,UNKN,ROAD,SUBURBS,CIRC,356.6160067,356.6160067,0.015,0.015,275.9052008,0,-0.73
C18.001,R18,Cond,combined,UNKN,ROAD,SUBURBS,RECT,710.1840134,1066.80002,0.015,0.015,436.8331797,0.012,-3.008
C21.001,R21,Cond,combined,UNKN,ROAD,SUBURBS,RECT,710.1840134,1219.200023,0.015,0.015,436.7930481,0.012,-2.258
953844,98,Cond,combined,UNKN,ROAD,SUBURBS,RECT,1828.800034,2133.60004,0.015,0.015,439.4597589,0.042,-0.158
7,6,Cond,combined,UNKN,ROAD,SUBURBS,RECT,965.2000181,1270.000024,0.015,0.015,128.4213298,0.11,-0.05
C22.001,R22,Cond,combined,UNKN,ROAD,SUBURBS,EGG,609.6000115,1066.80002,0.015,0.015,703.0064516,0.142,-2.358
2588,C67.006,Cond,combined,UNKN,ROAD,SUBURBS,132X103 (1639),3352.800063,2615.184049,0.015,0.015,1168.333114,0.41,-0.45
2588,C67.006,Cond,combined,UNKN,ROAD,SUBURBS,132X103 (1639),3352.800063,2615.184049,0.015,0.015,1168.333114,0.41,-0.45
C30.001,R30,Cond,combined,UNKN,ROAD,SUBURBS,RECT,710.1840134,1219.200023,0.015,0.015,468.0355497,0.512,-3.468
C27.001,R27,Cond,combined,UNKN,ROAD,SUBURBS,CIRC,381.0000072,381.0000072,0.015,0.015,507.5652403,0.632,-1.588
R20cs,R20,Cond,combined,UNKN,ROAD,SUBURBS,CIRC,1219.200023,1219.200023,0.015,0.015,109.0453862,0.642,-1.358
C62.002,R62,Cond,combined,UNKN,ROAD,SUBURBS,RECT,4241.80008,3606.800068,0.015,0.015,3161.070968,0.67,-4.7
C67.007,2588,Cond,combined,UNKN,ROAD,SUBURBS,132X103 (1639),3352.800063,2616.200049,0.015,0.015,571.5416104,0.83,0.409535877
C67.007,2588,Cond,combined,UNKN,ROAD,SUBURBS,132X103 (1639),3352.800063,2616.200049,0.015,0.015,571.5416104,0.83,0.409535877
C60.005,C60.004,Cond,combined,UNKN,ROAD,SUBURBS,RECT,2743.200052,2311.298443,0.015,0.015,449.4646215,0.86,-0.01
C26.001,R26,Cond,combined,UNKN,ROAD,SUBURBS,RECT,710.1840134,1219.200023,0.015,0.015,258.4479263,0.892,-1.438
326,2588,Cond,combined,UNKN,ROAD,SUBURBS,66X69 (2588),1676.400032,1752.600033,0.015,0.015,723.4270082,0.94175692,0.409535877
1010,396704,Cond,combined,UNKN,ROAD,SUBURBS,CIRC,1371.600026,1371.600026,0.015,0.015,159.4005937,1.01,-0.08
67,E109St_ParkAve,Cond,combined,UNKN,ROAD,SUBURBS,RECT,1524.000029,1219.200023,0.015,0.015,490.6532703,1.022,-2.108
100,953844,Cond,combined,UNKN,ROAD,SUBURBS,RECT,1676.400032,1524.000029,0.015,0.015,476.5848384,1.032,0.042
C54.001,R54,Cond,combined,UNKN,ROAD,SUBURBS,CIRC,457.2000086,457.2000086,0.015,0.015,257.5449638,1.04,0.42
954832,98,Cond,combined,UNKN,ROAD,SUBURBS,RECT,1676.400032,2133.60004,0.015,0.015,1240.173568,1.067643543,0.042
99,954832,Cond,combined,UNKN,ROAD,SUBURBS,RECT,1219.200023,812.8000153,0.015,0.015,297.3544447,1.322,0.662
C17.001,R17,Cond,combined,UNKN,ROAD,SUBURBS,RECT,710.1840134,1066.80002,0.015,0.015,447.6687294,1.402,-1.728
81,75,Cond,combined,UNKN,ROAD,SUBURBS,CIRC,1676.400032,1676.400032,0.015,0.015,814.2471143,1.482,0.482
117,98,Cond,combined,UNKN,ROAD,SUBURBS,RECT,1524.000029,1524.000029,0.015,0.015,468.6567503,1.492,-0.158
90,91,Cond,combined,UNKN,ROAD,SUBURBS,RECT,1828.800034,1524.000029,0.015,0.015,263.921798,1.492,-0.508
72,39040,Cond,combined,UNKN,ROAD,SUBURBS,RECT,1524.000029,1676.400032,0.015,0.015,631.6472454,1.532,-0.848
70,69,Cond,combined,UNKN,ROAD,SUBURBS,RECT,1828.800034,1676.400032,0.015,0.015,730.7026903,1.682,-0.398
C14.001,392731,Cond,combined,UNKN,ROAD,SUBURBS,RECT,812.8000153,1219.200023,0.015,0.015,776.0609682,1.732,-0.128
09!,C57.001,Cond,combined,UNKN,ROAD,SUBURBS,RECT,914.4000172,660.4000124,0.015,0.015,869.1841988,1.78,-2.23
R51.02,R51.03,Cond,combined,UNKN,ROAD,SUBURBS,CIRC,914.4000172,914.4000172,0.015,0.015,1492.095326,1.822,-3.418
R61,WI61-061,Cond,combined,UNKN,ROAD,SUBURBS,CIRC,1524.000029,1524.000029,0.015,0.015,100.3291639,1.87,1.5
R61,WI61-061,Cond,combined,UNKN,ROAD,SUBURBS,CIRC,1028.700019,1028.700019,0.015,0.015,100.3291639,1.87,1
C28.001,R28,Cond,combined,UNKN,ROAD,SUBURBS,CIRC,381.0000072,381.0000072,0.015,0.015,605.7874918,1.952,-2.778
95178,117,Cond,combined,UNKN,ROAD,SUBURBS,RECT,1524.000029,1524.000029,0.015,0.015,116.2357855,1.984438705,1.492
13184225,72,Cond,combined,UNKN,ROAD,SUBURBS,5'X5' 1FT CIRC BOTTOM,1524.000029,1524.000029,0.015,0.015,159.2809642,1.992,1.532
usTG60A,TG60A,Cond,combined,UNKN,ROAD,SUBURBS,RECT,2425.700046,2286.000043,0.015,0.015,4013.166557,2,-5.25
C50.001,R50,Cond,combined,UNKN,ROAD,SUBURBS,RECT,609.6000115,1066.80002,0.015,0.015,340.7880711,2.012,-0.738
8,1010,Cond,combined,UNKN,ROAD,SUBURBS,CIRC,1371.600026,1371.600026,0.015,0.015,325.5311414,2.5,1.01
1384224,13184225,Cond,combined,UNKN,ROAD,SUBURBS,4'X5' 1FT CIRC BOTTOM,1524.000029,1371.600026,0.015,0.015,260.0994271,2.862,2.002
WeirChamber,4030u,Cond,storm,UNKN,ROAD,SUBURBS,RECT,6096.000115,3048.000057,0.015,0.015,50.16458196,3,3
82,70,Cond,combined,UNKN,ROAD,SUBURBS,RECT,1524.000029,1219.200023,0.015,0.015,514.7285572,3.192,1.682
C02.001,R02A,Cond,combined,UNKN,ROAD,SUBURBS,RECT,2133.60004,2590.800049,0.015,0.015,723.5739302,3.242,-2.258
E92St_1Ave,C15.001,Cond,combined,UNKN,ROAD,SUBURBS,RECT,711.2000134,1066.80002,0.015,0.015,763.8756661,3.392,-3.438
E92St_1Ave,C14.001,Cond,combined,UNKN,ROAD,SUBURBS,CIRC,1219.200023,1219.200023,0.015,0.015,708.7185094,3.392,-0.928
C53.007,391255,Cond,combined,UNKN,ROAD,SUBURBS,RECT,2438.400046,2616.200049,0.015,0.015,1004.796577,3.49,-2.26
73,66,Cond,combined,UNKN,ROAD,SUBURBS,RECT,1270.000024,1574.80003,0.015,0.015,1780.47767,3.67,-3.01
77,82,Cond,combined,UNKN,ROAD,SUBURBS,CIRC,1219.200023,1219.200023,0.015,0.015,50.16458196,3.752,3.192
77,70,Cond,combined,UNKN,ROAD,SUBURBS,RECT,1828.800034,2057.400039,0.015,0.015,450.5830182,3.752,1.682
4030u,4030,Cond,storm,UNKN,ROAD,SUBURBS,CIRC,2438.400046,2438.400046,0.018,0.018,401.3166557,3.8,4
4030,C67.007,Cond,storm,UNKN,ROAD,SUBURBS,CIRC,2438.400046,2438.400046,0.018,0.018,2056.74786,4,0.688
D1,WI--977,Cond,overland,UNKN,ROAD,SUBURBS,CIRC,1524.000029,1524.000029,0.015,0.015,219.720869,4,-0.15
D10,WI--908,Cond,overland,UNKN,ROAD,SUBURBS,CIRC,1524.000029,1524.000029,0.015,0.015,219.720869,4,-0.15
D11,WI--184,Cond,overland,UNKN,ROAD,SUBURBS,CIRC,1524.000029,1524.000029,0.015,0.015,219.720869,4,-0.15
D13,WI--507,Cond,overland,UNKN,ROAD,SUBURBS,CIRC,1524.000029,1524.000029,0.015,0.015,219.720869,4,-0.15
WI-614,WIB-614,Cond,storm,UNKN,ROAD,SUBURBS,CIRC,1219.200023,1219.200023,0.015,0.015,288.1858963,4,2
D12,WI--826,Cond,overland,UNKN,ROAD,SUBURBS,CIRC,1524.000029,1524.000029,0.015,0.015,219.720869,4.142,-0.008
D14,WI--870,Cond,overland,UNKN,ROAD,SUBURBS,CIRC,1524.000029,1524.000029,0.015,0.015,219.720869,4.142,-0.008
D15,WI--189,Cond,overland,UNKN,ROAD,SUBURBS,CIRC,1524.000029,1524.000029,0.015,0.015,219.720869,4.142,-0.008
D16,WI--832,Cond,overland,UNKN,ROAD,SUBURBS,CIRC,1524.000029,1524.000029,0.015,0.015,219.720869,4.142,-0.008
D18,WI--102,Cond,overland,UNKN,ROAD,SUBURBS,CIRC,1524.000029,1524.000029,0.015,0.015,219.720869,4.142,-0.008
D19,WI--105,Cond,overland,UNKN,ROAD,SUBURBS,CIRC,1524.000029,1524.000029,0.015,0.015,219.720869,4.142,-0.008
D3,WI--821,Cond,overland,UNKN,ROAD,SUBURBS,CIRC,1524.000029,1524.000029,0.015,0.015,219.720869,4.142,-0.008
D9,WI--840,Cond,overland,UNKN,ROAD,SUBURBS,CIRC,1524.000029,1524.000029,0.015,0.015,219.720869,4.142,-0.008
WI-609,WIM-609,Cond,storm,UNKN,ROAD,SUBURBS,CIRC,1219.200023,1219.200023,0.015,0.015,180.4783346,4.142,2.142
WI-610,WIM-610,Cond,storm,UNKN,ROAD,SUBURBS,CIRC,1219.200023,1219.200023,0.015,0.015,273.4584509,4.142,2.142
WI-883,WI--883,Cond,overland,UNKN,ROAD,SUBURBS,CIRC,1524.000029,1524.000029,0.015,0.015,219.720869,4.142,-0.008
WI-887,WI--887,Cond,storm,UNKN,ROAD,SUBURBS,CIRC,1219.200023,1219.200023,0.015,0.015,267.5701306,4.142,2.142
C53.008,C53.007,Cond,combined,UNKN,ROAD,SUBURBS,RECT,2590.800049,2438.400046,0.015,0.015,569.7693219,4.2,3.49
W114St_LenoxAve,94,Cond,combined,UNKN,ROAD,SUBURBS,CIRC,1524.000029,1524.000029,0.015,0.015,898.3637105,4.259089026,1.942
R51.01,R51.02,Cond,combined,UNKN,ROAD,SUBURBS,CIRC,914.4000172,914.4000172,0.015,0.015,937.9773535,4.272,1.822
89,90,Cond,combined,UNKN,ROAD,SUBURBS,5'X6' 1FT CIRC BOTTOM,1828.800034,1524.000029,0.015,0.015,1053.510962,4.682,1.492
116,95178,Cond,combined,UNKN,ROAD,SUBURBS,RECT,1371.600026,1524.000029,0.015,0.015,643.4376938,4.712,1.984438705
WI10-011,RW10-011,Cond,combined,UNKN,ROAD,SUBURBS,RECT,1219.200023,1219.200023,0.015,0.015,476.9146807,4.782,-3.858
105,99,Cond,combined,UNKN,ROAD,SUBURBS,RECT,1727.200032,1524.000029,0.015,0.015,1062.994756,4.822,1.142
39880,C53.008,Cond,combined,UNKN,ROAD,SUBURBS,RECT,2565.400048,2438.400046,0.015,0.015,707.3206057,5.075,4.2
W115St_LenoxAve,W114St_LenoxAve,Cond,combined,UNKN,ROAD,SUBURBS,CIRC,1524.000029,1524.000029,0.015,0.015,270.6999279,5.212,4.562
C62.004,C62.002,Cond,combined,UNKN,ROAD,SUBURBS,RECT,3352.800063,4267.20008,0.015,0.015,2444.379618,5.32,0.67
87,1384224,Cond,combined,UNKN,ROAD,SUBURBS,4'X5' 1FT CIRC BOTTOM,1524.000029,1219.200023,0.015,0.015,752.4206368,5.432,2.862
71,116,Cond,combined,UNKN,ROAD,SUBURBS,RECT,1219.200023,1524.000029,0.015,0.015,401.0190631,5.692,5.692
391358,39880,Cond,combined,UNKN,ROAD,SUBURBS,RECT,2540.000048,2438.400046,0.015,0.015,594.0253581,5.810265532,5.07521391
93,W115St_LenoxAve,Cond,combined,UNKN,ROAD,SUBURBS,CIRC,1524.000029,1524.000029,0.015,0.015,265.4508139,5.892,5.212
307,8,Cond,combined,UNKN,ROAD,SUBURBS,CIRC,1219.200023,1219.200023,0.015,0.015,384.4229196,6,2.5
48,54,Cond,combined,UNKN,ROAD,SUBURBS,RECT,1625.600031,1828.800034,0.015,0.015,853.555178,6.02,-0.1
115,71,Cond,combined,UNKN,ROAD,SUBURBS,RECT,1371.600026,1524.000029,0.015,0.015,76.69111916,6.022,5.692
C71.001,R71,Cond,combined,UNKN,ROAD,SUBURBS,CIRC,457.2000086,457.2000086,0.015,0.015,269.0828176,6.11,1.9
283410,89,Cond,combined,UNKN,ROAD,SUBURBS,5'X5' 1FT CIRC BOTTOM,1524.000029,1524.000029,0.015,0.015,534.9106652,6.212,4.682
W117St_LenoxAve,93,Cond,combined,UNKN,ROAD,SUBURBS,EGG,1219.200023,1371.600026,0.015,0.015,307.8997264,6.222,5.892
R52.03,R51.01,Cond,combined,UNKN,ROAD,SUBURBS,CIRC,762.0000143,762.0000143,0.015,0.015,1077.836208,6.392,4.272
C53.009,391358,Cond,combined,UNKN,ROAD,SUBURBS,RECT,2514.600047,2438.400046,0.015,0.015,646.320474,6.61,5.81
C67.008,C67.007,Cond,combined,UNKN,ROAD,SUBURBS,"96""X76"" (1639)",2438.400046,1930.400036,0.015,0.015,580.3038841,6.66,0.83
BR63.02,BR63.03,Cond,combined,UNKN,ROAD,SUBURBS,CIRC,381.0000072,381.0000072,0.015,0.015,200.6583278,6.7,-7.1
86,82,Cond,combined,UNKN,ROAD,SUBURBS,RECT,1524.000029,1828.800034,0.015,0.015,829.5173415,6.772,3.222
W118St_LenoxAve,W117St_LenoxAve,Cond,combined,UNKN,ROAD,SUBURBS,EGG,1219.200023,1371.600026,0.015,0.015,251.8502034,6.892,6.222
88,283410,Cond,combined,UNKN,ROAD,SUBURBS,4'X5' 1FT CIRC BOTTOM,1524.000029,1219.200023,0.015,0.015,291.004286,7.042,6.212
C03.001,R03,Cond,combined,UNKN,ROAD,SUBURBS,RECT,1066.80002,609.6000115,0.015,0.015,656.6543779,7.342,-1.408
85,77,Cond,combined,UNKN,ROAD,SUBURBS,RECT,1219.200023,1524.000029,0.015,0.015,325.7617183,7.392,3.752
C53.010,C53.009,Cond,combined,UNKN,ROAD,SUBURBS,RECT,2438.400046,2489.301647,0.015,0.015,642.8089533,7.41,6.61
42,C62.004,Cond,combined,UNKN,ROAD,SUBURBS,RECT,4216.400079,3352.800063,0.015,0.015,1120.77709,7.44,5.32
101,115,Cond,combined,UNKN,ROAD,SUBURBS,RECT,1219.200023,1219.200023,0.015,0.015,438.4191301,7.542,6.022
W119St_LenoxAve,W118St_LenoxAve,Cond,combined,UNKN,ROAD,SUBURBS,EGG,1219.200023,1371.600026,0.015,0.015,277.5603192,7.562,6.892
C60.006,C60.005,Cond,combined,UNKN,ROAD,SUBURBS,RECT,2006.498438,2133.60004,0.015,0.015,1157.316972,7.57,3.04
R52.02,R52.03,Cond,combined,UNKN,ROAD,SUBURBS,CIRC,762.0000143,762.0000143,0.015,0.015,971.7882818,7.862,6.382
63,C68.001,Cond,combined,UNKN,ROAD,SUBURBS,RECT,1828.800034,2082.800039,0.015,0.015,1753.475436,8,-3.55
WI79-053,RW79-053,Cond,combined,UNKN,ROAD,SUBURBS,RECT,2133.60004,1219.200023,0.015,0.015,302.9940751,8,-3.75
39711,C53.010,Cond,combined,UNKN,ROAD,SUBURBS,RECT,2438.400046,2413.000045,0.015,0.015,533.4501646,8.1,7.41
W120St_LenoxAve,W119St_LenoxAve,Cond,combined,UNKN,ROAD,SUBURBS,EGG,1219.200023,1371.600026,0.015,0.015,272.5700397,8.222,7.562
R63,BR63.02,Cond,combined,UNKN,ROAD,SUBURBS,CIRC,381.0000072,381.0000072,0.015,0.015,403.323239,8.7,6.7
39171,39711,Cond,combined,UNKN,ROAD,SUBURBS,RECT,2286.000043,2336.800044,0.015,0.015,597.359842,8.77,8.1
79,87,Cond,combined,UNKN,ROAD,SUBURBS,EGG,1219.200023,1371.600026,0.015,0.015,1115.26554,8.822,5.432
106,W120St_LenoxAve,Cond,combined,UNKN,ROAD,SUBURBS,EGG,1219.200023,1371.600026,0.015,0.015,270.5696922,8.892,8.222
84,85,Cond,combined,UNKN,ROAD,SUBURBS,RECT,1219.200023,1371.600026,0.015,0.015,513.4220414,9.022,7.392
WI51-051,RW51-051,Cond,combined,UNKN,ROAD,SUBURBS,CIRC,1066.80002,1066.80002,0.015,0.015,241.9538117,9.142,4.802
C53.011,39171,Cond,combined,UNKN,ROAD,SUBURBS,RECT,2667.00005,2286.000043,0.015,0.015,488.9040158,9.44,8.77
C01.001,R01,Cond,combined,UNKN,ROAD,SUBURBS,RECT,1066.80002,609.6000115,0.015,0.015,608.8976959,9.652,-1.698
9999,C53.011,Cond,combined,UNKN,ROAD,SUBURBS,CIRC,2540.000048,2540.000048,0.015,0.015,118.298812,9.739,9.56
9999,C53.011,Cond,combined,UNKN,ROAD,SUBURBS,CIRC,2540.000048,2540.000048,0.015,0.015,118.298812,9.739,9.56
C04.001,R04,Cond,combined,UNKN,ROAD,SUBURBS,RECT,1066.80002,609.6000115,0.015,0.015,639.1971034,9.842,-1.178
80,84,Cond,combined,UNKN,ROAD,SUBURBS,RECT,1219.200023,1219.200023,0.015,0.015,795.270972,10.292,9.022
C34.001,R34,Cond,combined,UNKN,ROAD,SUBURBS,RECT,711.2000134,1066.80002,0.015,0.015,288.9479921,10.812,-3.148
62,63,Cond,combined,UNKN,ROAD,SUBURBS,RECT,1371.600026,1727.200032,0.015,0.015,404.585227,10.94,8
96,98,Cond,combined,UNKN,ROAD,SUBURBS,CIRC,1981.200037,1981.200037,0.015,0.015,1084.50654,11.022,-0.158
94,96,Cond,combined,UNKN,ROAD,SUBURBS,CIRC,1066.80002,1066.80002,0.015,0.015,198.0823942,11.162,11.022
94,96,Cond,combined,UNKN,ROAD,SUBURBS,CIRC,1066.80002,1066.80002,0.015,0.015,198.0823942,11.162,11.022
94,96,Cond,combined,UNKN,ROAD,SUBURBS,CIRC,1066.80002,1066.80002,0.015,0.015,198.0823942,11.162,11.022
C62.M01,C53.011,Cond,combined,UNKN,ROAD,SUBURBS,CIRC,2286.000043,2286.000043,0.015,0.015,493.2181699,11.25,9.44
74,86,Cond,combined,UNKN,ROAD,SUBURBS,RECT,1219.200023,1371.600026,0.015,0.015,853.4924698,11.282,6.772
BR78.01,PS-RDale.2,Cond,combined,UNKN,ROAD,SUBURBS,CIRC,508.0000096,508.0000096,0.015,0.015,116.9838051,11.55,11.32
27,42,Cond,combined,UNKN,ROAD,SUBURBS,RECT,2743.200052,2590.800049,0.015,0.015,1345.376938,11.58742921,8.42
C05.001,R05,Cond,combined,UNKN,ROAD,SUBURBS,RECT,1066.80002,711.2000134,0.015,0.015,676.8205398,11.842,-1.768
WIB--08,WI--207,Cond,overland,UNKN,ROAD,SUBURBS,CIRC,1219.200023,1219.200023,0.015,0.015,910.0625524,12,10
WIB--936,WI--936,Cond,overland,UNKN,ROAD,SUBURBS,CIRC,1219.200023,1219.200023,0.015,0.015,274.5529706,12,10
WIB--950,WI--950,Cond,overland,UNKN,ROAD,SUBURBS,CIRC,1219.200023,1219.200023,0.015,0.015,744.0742514,12,10
WIB--951,WI--951,Cond,overland,UNKN,ROAD,SUBURBS,CIRC,1219.200023,1219.200023,0.015,0.015,768.2457292,12,10
WIB--982,WI--982,Cond,overland,UNKN,ROAD,SUBURBS,CIRC,1219.200023,1219.200023,0.015,0.015,750.9165078,12,10
WIB--984,WI--984,Cond,overland,UNKN,ROAD,SUBURBS,CIRC,1219.200023,1219.200023,0.015,0.015,1738.396486,12,10
107,106,Cond,combined,UNKN,ROAD,SUBURBS,EGG,1219.200023,1371.600026,0.015,0.015,776.5324777,12.042,8.892
BR64.01,R64.01,Cond,combined,UNKN,ROAD,SUBURBS,CIRC,557.7840105,557.7840105,0.015,0.015,391.8857143,12.44,9.315
VCLLB11,VCLLB03,Cond,storm,UNKN,ROAD,SUBURBS,RECT,3048.000057,1219.200023,0.04,0.04,846.2819632,12.5,10.5
C62.M21,C62.002,Cond,combined,UNKN,ROAD,SUBURBS,"7'6''X9""",2324.100044,2717.800051,0.015,0.015,1574.164582,12.54,6.28
C62.M02,C62.M01,Cond,combined,UNKN,ROAD,SUBURBS,CIRC,2286.000043,2286.000043,0.015,0.015,1284.01264,12.71,11.25
C53.M01,9999,Cond,combined,UNKN,ROAD,SUBURBS,13'X8.5,3962.400074,2590.800049,0.015,0.015,1739.971493,12.85,9.739256884
28,C60.006,Cond,combined,UNKN,ROAD,SUBURBS,RECT,2006.498438,2133.60004,0.015,0.015,1287.608481,13.21562314,7.57
108,93,Cond,combined,UNKN,ROAD,SUBURBS,EGG,1219.200023,1371.600026,0.015,0.015,780.2586756,13.402,5.892
16,27,Cond,combined,UNKN,ROAD,SUBURBS,RECT,2743.200052,2590.800049,0.015,0.015,792.4817501,13.45323499,11.58742921
C60.007,28,Cond,combined,UNKN,ROAD,SUBURBS,RECT,2006.498438,2133.60004,0.015,0.015,135.5607097,13.81,13.21562314
53,48,Cond,combined,UNKN,ROAD,SUBURBS,RECT,1524.000029,1828.800034,0.015,0.015,1461.179496,14,6.02
WI78-054,RW78-054,Cond,combined,UNKN,ROAD,SUBURBS,CIRC,2286.000043,2286.000043,0.015,0.015,465.3266623,14.08,-4.86
C06.001,R06,Cond,combined,UNKN,ROAD,SUBURBS,RECT,914.4000172,609.6000115,0.015,0.015,689.0606978,14.102,-1.728
C62.M22,C62.M21,Cond,combined,UNKN,ROAD,SUBURBS,"7'6''X9""",2286.000043,2743.200052,0.015,0.015,401.3166557,14.14,12.54
391395,C62.M02,Cond,combined,UNKN,ROAD,SUBURBS,RECT,2286.000043,2260.600042,0.015,0.015,402.9219223,14.3,12.71
39577,C53.M01,Cond,combined,UNKN,ROAD,SUBURBS,13'X8.5,3962.400074,2590.800049,0.015,0.015,788.6875576,14.35,12.85
C67.009,C67.008,Cond,combined,UNKN,ROAD,SUBURBS,"95""X75"" (1639)",2286.000043,1905.000036,0.015,0.015,1628.041343,14.39,6.66
VCLLB02,VCL Lower,Cond,storm,UNKN,ROAD,SUBURBS,RECT,3048.000057,1219.200023,0.04,0.04,100.3291639,14.5,14
VCLLB03,VCL Lower,Cond,storm,UNKN,ROAD,SUBURBS,RECT,3048.000057,1219.200023,0.04,0.04,100.3291639,14.5,14
VCLLB05,VCL Lower,Cond,storm,UNKN,ROAD,SUBURBS,RECT,3048.000057,1219.200023,0.04,0.04,100.3291639,14.5,14
VCLLB06,VCL Lower,Cond,storm,UNKN,ROAD,SUBURBS,RECT,3048.000057,1219.200023,0.04,0.04,100.3291639,14.5,14
VCLLB07,VCL Lower,Cond,storm,UNKN,ROAD,SUBURBS,RECT,3048.000057,1219.200023,0.04,0.04,100.3291639,14.5,14
VCLLB18,VCL Lower,Cond,storm,UNKN,ROAD,SUBURBS,RECT,3048.000057,1219.200023,0.04,0.04,100.3291639,14.5,14
VCLLB19,VCL Lower,Cond,storm,UNKN,ROAD,SUBURBS,RECT,3048.000057,1219.200023,0.04,0.04,100.3291639,14.5,14
VCLLB20,VCL Lower,Cond,storm,UNKN,ROAD,SUBURBS,RECT,3048.000057,1219.200023,0.04,0.04,100.3291639,14.5,14
VCLUB03,VCL Upper,Cond,storm,UNKN,ROAD,SUBURBS,RECT,3048.000057,1219.200023,0.04,0.04,100.3291639,14.5,14
VCLUB07,VCL Upper,Cond,storm,UNKN,ROAD,SUBURBS,RECT,3048.000057,1219.200023,0.04,0.04,100.3291639,14.5,14
VCLUBN02,TB_Mid,Cond,storm,UNKN,ROAD,SUBURBS,RECT,3048.000057,1219.200023,0.04,0.04,100.3291639,14.5,14
VCLUBN03,TB_Mid,Cond,storm,UNKN,ROAD,SUBURBS,RECT,3048.000057,1219.200023,0.04,0.04,100.3291639,14.5,14
WI64-059,RW64-059,Cond,combined,UNKN,ROAD,SUBURBS,CIRC,1066.80002,1066.80002,0.015,0.015,596.155892,14.83,5.554
VCLLB12,VCLLB11,Cond,storm,UNKN,ROAD,SUBURBS,RECT,3048.000057,1219.200023,0.04,0.04,848.5074718,15,12.5
391472,391395,Cond,combined,UNKN,ROAD,SUBURBS,RECT,2286.000043,2209.800042,0.015,0.015,236.4758394,15.11,14.3
Maple Pond,Sycamore Pond,Cond,storm,UNKN,ROAD,SUBURBS,RECT,2438.400046,1219.200023,0.04,0.04,100.3291639,15.2,15
12,39577,Cond,combined,UNKN,ROAD,SUBURBS,13'X8.5,3810.000072,2590.800049,0.015,0.015,466.1019421,15.44883243,14.35
VCLLB01,VCLLB19,Cond,storm,UNKN,ROAD,SUBURBS,RECT,3048.000057,1219.200023,0.04,0.04,803.2314642,15.5,15
VCLLB10,VCLLB05,Cond,storm,UNKN,ROAD,SUBURBS,RECT,3048.000057,1219.200023,0.04,0.04,364.7531986,15.5,15
VCLLB17,VCLLB18,Cond,storm,UNKN,ROAD,SUBURBS,RECT,3048.000057,1219.200023,0.04,0.04,262.4736912,15.5,15
VCLUB02,VCLUB03,Cond,storm,UNKN,ROAD,SUBURBS,RECT,3048.000057,1219.200023,0.04,0.04,2173.745604,15.5,15
VCLUB04,VCLUB03,Cond,storm,UNKN,ROAD,SUBURBS,RECT,3048.000057,1219.200023,0.04,0.04,930.8341991,15.5,15
VCLUB05,VCLUB07,Cond,storm,UNKN,ROAD,SUBURBS,RECT,3048.000057,1219.200023,0.04,0.04,432.3616844,15.5,15
VCLUBN01,VCLUBN02,Cond,storm,UNKN,ROAD,SUBURBS,RECT,3048.000057,1219.200023,0.04,0.04,629.8491354,15.5,15
Sycamore Pond,TB_Mid,Cond,storm,UNKN,ROAD,SUBURBS,RECT,2590.800049,1219.200023,0.04,0.04,601.9749835,15.6,15
391524,391472,Cond,combined,UNKN,ROAD,SUBURBS,RECT,2133.60004,2184.400041,0.015,0.015,254.4347597,15.87,15.03
11,16,Cond,combined,UNKN,ROAD,SUBURBS,RECT,2743.200052,2590.800049,0.015,0.015,1097.881118,16.03813589,13.45323499
Elm Pond,Maple Pond,Cond,storm,UNKN,ROAD,SUBURBS,RECT,2438.400046,1219.200023,0.04,0.04,100.3291639,16.4,16
C64.001,R64,Cond,combined,UNKN,ROAD,SUBURBS,CIRC,1066.80002,1066.80002,0.015,0.015,200.6583278,16.47,14.73
C62.M03,391524,Cond,combined,UNKN,ROAD,SUBURBS,RECT,2286.000043,2133.60004,0.015,0.015,230.0547729,16.5,15.87
VCLLB04,VCLLB03,Cond,storm,UNKN,ROAD,SUBURBS,RECT,3048.000057,1219.200023,0.04,0.04,722.277121,16.5,16
VCLLB08,VCLLB07,Cond,storm,UNKN,ROAD,SUBURBS,RECT,3048.000057,1219.200023,0.04,0.04,604.0955597,16.5,16
VCLLB09,VCLLB06,Cond,storm,UNKN,ROAD,SUBURBS,RECT,3048.000057,1219.200023,0.04,0.04,1227.867105,16.5,16
VCLUB06,VCLUB05,Cond,storm,UNKN,ROAD,SUBURBS,RECT,3048.000057,1219.200023,0.04,0.04,957.6919488,16.5,16
VCLUBN04,VCLUBN03,Cond,storm,UNKN,ROAD,SUBURBS,RECT,3048.000057,1219.200023,0.04,0.04,856.5462452,16.5,16
C53.M02,12,Cond,combined,UNKN,ROAD,SUBURBS,13'X8.5,3810.000072,2590.800049,0.015,0.015,492.5432192,16.61,15.44883243
40,11,Cond,combined,UNKN,ROAD,SUBURBS,RECT,2743.200052,2590.800049,0.015,0.015,293.924008,16.65,16.038
C62.M03,C53.M02,Cond,combined,UNKN,ROAD,SUBURBS,CIRC,3810.000072,3810.000072,0.015,0.015,50.16458196,16.65,16.61
C62.M04,C53.M04,Cond,combined,UNKN,ROAD,SUBURBS,RECT,2438.400046,1676.400032,0.015,0.015,141.363792,16.93,16.45
C62.M04,40,Cond,combined,UNKN,ROAD,SUBURBS,CIRC,2133.60004,2133.60004,0.015,0.015,241.7455136,16.93,16.65
61,62,Cond,combined,UNKN,ROAD,SUBURBS,RECT,1727.200032,1371.600026,0.015,0.015,1096.396237,17.12,10.94
C53.M04,C62.M03,Cond,combined,UNKN,ROAD,SUBURBS,RECT,3657.600069,2590.800049,0.015,0.015,396.601185,17.31,16.61
C62.M23,C62.M22,Cond,combined,UNKN,ROAD,SUBURBS,"7'6''X9""",2286.000043,2743.200052,0.015,0.015,802.6333114,17.33,14.14
C51.001,R51,Cond,combined,UNKN,ROAD,SUBURBS,CIRC,1066.80002,1066.80002,0.015,0.015,328.4776827,17.332,11.442
391953,C60.007,Cond,combined,UNKN,ROAD,SUBURBS,RECT,1879.600035,1727.200032,0.015,0.015,1127.800132,17.38,13.81
BR09.01,R09.01,Cond,combined,UNKN,ROAD,SUBURBS,CIRC,304.8000057,304.8000057,0.015,0.015,256.1002238,17.382,15.972
VCLLB13,VCLLB09,Cond,storm,UNKN,ROAD,SUBURBS,RECT,3048.000057,1219.200023,0.04,0.04,1727.664139,17.5,17
VCLLB14,VCLLB09,Cond,storm,UNKN,ROAD,SUBURBS,RECT,3048.000057,1219.200023,0.04,0.04,1996.691375,17.5,17
VCLLB15,VCLLB08,Cond,storm,UNKN,ROAD,SUBURBS,RECT,3048.000057,1219.200023,0.04,0.04,643.5498456,17.5,17
VCLLB16,VCLLB09,Cond,storm,UNKN,ROAD,SUBURBS,RECT,3048.000057,1219.200023,0.04,0.04,1118.801583,17.5,17
C63.001,R63,Cond,combined,UNKN,ROAD,SUBURBS,CIRC,762.0000143,762.0000143,0.015,0.015,236.7768269,17.54,10.93
C10.001,R10,Cond,combined,UNKN,ROAD,SUBURBS,RECT,1219.200023,812.8000153,0.015,0.015,465.6276498,17.662,6.092
C60.M01,391953,Cond,combined,UNKN,ROAD,SUBURBS,CIRC,1371.600026,1371.600026,0.015,0.015,185.3079658,18.37,17.38
WI09-010,RW09-010,Cond,combined,UNKN,ROAD,SUBURBS,RECT,710.1840134,381.0000072,0.015,0.015,149.4904542,18.412,15.772
Birch01,Birch Pond,Cond,storm,UNKN,ROAD,SUBURBS,RECT,3048.000057,1219.200023,0.04,0.04,100.3291639,18.5,18
Birch02,Birch Pond,Cond,storm,UNKN,ROAD,SUBURBS,RECT,3048.000057,1219.200023,0.04,0.04,100.3291639,18.5,18
Sycamore01,Sycamore Pond,Cond,storm,UNKN,ROAD,SUBURBS,RECT,3048.000057,1219.200023,0.04,0.04,100.3291639,18.5,18
Sycamore02,Sycamore Pond,Cond,storm,UNKN,ROAD,SUBURBS,RECT,3048.000057,1219.200023,0.04,0.04,100.3291639,18.5,18
VCLUB01,VCLUB02,Cond,storm,UNKN,ROAD,SUBURBS,RECT,3048.000057,1219.200023,0.04,0.04,2651.929187,18.5,18
C62.M05,C62.M04,Cond,combined,UNKN,ROAD,SUBURBS,RECT,2133.60004,2057.400039,0.015,0.015,1098.504016,18.61,17.2
C53.M05,C53.M04,Cond,combined,UNKN,ROAD,SUBURBS,RECT,3657.600069,2590.800049,0.015,0.015,752.4687294,18.66,17.31
32,40,Cond,combined,UNKN,ROAD,SUBURBS,RECT,3657.600069,2590.800049,0.015,0.015,1341.343564,19.11,16.65
60,61,Cond,combined,UNKN,ROAD,SUBURBS,RECT,1727.200032,1371.600026,0.015,0.015,585.6386789,19.2,17.12
Birch03,Birch02,Cond,storm,UNKN,ROAD,SUBURBS,RECT,3048.000057,1219.200023,0.04,0.04,343.7655639,19.5,19
Sycamore03,Sycamore02,Cond,storm,UNKN,ROAD,SUBURBS,RECT,3048.000057,1219.200023,0.04,0.04,853.0660547,19.5,19
C09.001,R09,Cond,combined,UNKN,ROAD,SUBURBS,RECT,710.1840134,381.0000072,0.015,0.015,97.85103358,20.142,18.412
392467,C60.M01,Cond,combined,UNKN,ROAD,SUBURBS,CIRC,1219.200023,1219.200023,0.015,0.015,341.7211323,20.47,18.37
Birch04,Birch03,Cond,storm,UNKN,ROAD,SUBURBS,RECT,3048.000057,1219.200023,0.04,0.04,860.7623955,20.5,20
Elm01,Elm Pond,Cond,storm,UNKN,ROAD,SUBURBS,RECT,3048.000057,1219.200023,0.04,0.04,100.3291639,20.5,20
Elm02,Elm Pond,Cond,storm,UNKN,ROAD,SUBURBS,RECT,3048.000057,1219.200023,0.04,0.04,100.3291639,20.5,20
Elm05,Elm Pond,Cond,storm,UNKN,ROAD,SUBURBS,RECT,3048.000057,1219.200023,0.04,0.04,100.3291639,20.5,20
C67.010,C67.009,Cond,combined,UNKN,ROAD,SUBURBS,"84""X74"" (1639)",2133.60004,1879.600035,0.015,0.015,1708.003687,20.51,14.39
N703,N700,Cond,combined,UNKN,ROAD,SUBURBS,RECT,1524.000029,2133.60004,0.015,0.015,765.4111916,20.692,-0.618
C61.001,R61,Cond,combined,UNKN,ROAD,SUBURBS,CIRC,1219.200023,1219.200023,0.015,0.015,300.9874918,20.86,0.13
C62.M06,C62.M05,Cond,combined,UNKN,ROAD,SUBURBS,RECT,3657.600069,2590.800049,0.015,0.015,1251.084608,20.91,18.66
C53.M06,C53.M05,Cond,combined,UNKN,ROAD,SUBURBS,RECT,3657.600069,2590.800049,0.015,0.015,1504.937459,21.36,18.66
Elm03,Elm02,Cond,storm,UNKN,ROAD,SUBURBS,RECT,3048.000057,1219.200023,0.04,0.04,309.3730421,21.5,21
C62.M24,C62.M23,Cond,combined,UNKN,ROAD,SUBURBS,7'6''X8',2286.000043,2438.400046,0.015,0.015,971.8886109,22.07,18.33
C62.M06,C53.M06,Cond,combined,UNKN,ROAD,SUBURBS,CIRC,3657.600069,3657.600069,0.015,0.015,50.16458196,22.23,21.34
391881,N703,Cond,combined,UNKN,ROAD,SUBURBS,RECT,1219.200023,1219.200023,0.015,0.015,136.7486504,22.422,20.692
Birch05,Birch04,Cond,storm,UNKN,ROAD,SUBURBS,RECT,3048.000057,1219.200023,0.04,0.04,1480.863085,22.5,22
Elm04,Elm03,Cond,storm,UNKN,ROAD,SUBURBS,RECT,3048.000057,1219.200023,0.04,0.04,683.8184397,22.5,22
C53.M07,C53.M06,Cond,combined,UNKN,ROAD,SUBURBS,RECT,3657.600069,2590.800049,0.015,0.015,774.7618697,22.75,21.36
59,C02.001,Cond,combined,UNKN,ROAD,SUBURBS,RECT,2133.60004,2590.800049,0.015,0.015,1488.99091,22.752,3.242
52,53,Cond,combined,UNKN,ROAD,SUBURBS,RECT,1676.400032,1473.200028,0.015,0.015,623.3910941,23.3,14
BR08.01,R08.01,Cond,combined,UNKN,ROAD,SUBURBS,CIRC,304.8000057,304.8000057,0.015,0.015,236.1748519,23.842,22.272
C78.001,R78,Cond,combined,UNKN,ROAD,SUBURBS,CIRC,762.0000143,762.0000143,0.015,0.015,340.316524,24.54,12.15
WI08-009,RW08-009,Cond,combined,UNKN,ROAD,SUBURBS,RECT,710.1840134,509.0160096,0.015,0.015,78.48750494,24.562,22.382
C62.M07,C62.M06,Cond,combined,UNKN,ROAD,SUBURBS,RECT,3657.600069,2590.800049,0.015,0.015,1243.479658,24.62,20.91
C67.011,C67.010,Cond,combined,UNKN,ROAD,SUBURBS,"78""X68"" (1639)",1981.200037,1727.200032,0.015,0.015,1043.924951,24.65,21.77
10,32,Cond,combined,UNKN,ROAD,SUBURBS,RECT,3657.600069,2590.800049,0.015,0.015,1992.849676,24.74376464,19.11
C6.2M25,C62.M24,Cond,combined,UNKN,ROAD,SUBURBS,7'6''X8',2286.000043,2438.400046,0.015,0.015,775.6447663,25,22.07
51,52,Cond,combined,UNKN,ROAD,SUBURBS,CIRC,1524.000029,1524.000029,0.015,0.015,500.2102785,25.61,23.3
Westchester03_1,Westchester03_2,Cond,storm,UNKN,ROAD,SUBURBS,RECT,3657.600069,1219.200023,0.04,0.04,401.3166557,26,25
N709,N703,Cond,combined,UNKN,ROAD,SUBURBS,RECT,1524.000029,2438.400046,0.015,0.015,679.3287689,26.042,20.692
392631,59,Cond,combined,UNKN,ROAD,SUBURBS,CIRC,1828.800034,1828.800034,0.015,0.015,1234.021232,26.452,22.752
C08.001,R08,Cond,combined,UNKN,ROAD,SUBURBS,RECT,710.1840134,509.0160096,0.015,0.015,108.6564845,26.732,24.672
C60.M02,392467,Cond,combined,UNKN,ROAD,SUBURBS,RECT,1727.200032,1828.800034,0.015,0.015,1189.602897,27.03,20.47
392710,N709,Cond,combined,UNKN,ROAD,SUBURBS,RECT,1219.200023,1219.200023,0.015,0.015,159.6236998,27.242,26.042
BR79.01,PS-RDale.3,Cond,combined,UNKN,ROAD,SUBURBS,CIRC,381.0000072,381.0000072,0.015,0.015,491.9138907,27.25,25.27
C67.012,C67.011,Cond,combined,UNKN,ROAD,SUBURBS,CIRC,1676.400032,1676.400032,0.015,0.015,709.6281764,27.4,24.65
O79.01,WI79-053,Cond,combined,UNKN,ROAD,SUBURBS,RECT,1676.400032,1219.200023,0.015,0.015,168.7536537,28,8
38,10,Cond,combined,UNKN,ROAD,SUBURBS,RECT,3657.600069,2590.800049,0.015,0.015,1279.246085,28.36,24.74376464
C53.M08,C53.M07,Cond,combined,UNKN,ROAD,SUBURBS,RECT,3048.000057,2286.000043,0.015,0.015,1557.108624,28.57,22.75
C53.M08,45,Cond,combined,UNKN,ROAD,SUBURBS,RECT,1524.000029,1524.000029,0.015,0.015,134.417498,29.02,28.30872528
C76.001,R76,Cond,combined,UNKN,ROAD,SUBURBS,CIRC,1371.600026,1371.600026,0.015,0.015,405.2094273,29.25,-3.6
N711,N709,Cond,combined,UNKN,ROAD,SUBURBS,RECT,1524.000029,2438.400046,0.015,0.015,780.4605662,29.922,26.042
50,51,Cond,combined,UNKN,ROAD,SUBURBS,CIRC,1447.800027,1447.800027,0.015,0.015,865.2699115,30,25.61
C53.M09,C53.M08,Cond,combined,UNKN,ROAD,SUBURBS,RECT,2743.200052,2286.000043,0.015,0.015,404.0255431,30.08,28.57
C60.M03,C60.M02,Cond,combined,UNKN,ROAD,SUBURBS,RECT,1728.216032,1828.800034,0.015,0.015,734.8107966,30.42,27.03
Reg7.01,N700,Cond,combined,UNKN,ROAD,SUBURBS,RECT,1066.80002,609.6000115,0.015,0.015,1062.987492,30.532,-0.618
45,C62.M07,Cond,combined,UNKN,ROAD,SUBURBS,5'8''X6'-top semicircular,1727.200032,1828.800034,0.015,0.015,1487.680843,30.82,24.22
C53.M10,C53.M09,Cond,combined,UNKN,ROAD,SUBURBS,RECT,2438.400046,2286.000043,0.015,0.015,422.6867676,31.66,30.08
C60.M04,C60.M03,Cond,combined,UNKN,ROAD,SUBURBS,RECT,1727.200032,1828.800034,0.015,0.015,1021.049901,32.33,30.47
C53-M11.1,C53.M10,Cond,combined,UNKN,ROAD,SUBURBS,RECT,2133.60004,2286.000043,0.015,0.015,331.7584463,32.9,31.66
49,50,Cond,combined,UNKN,ROAD,SUBURBS,CIRC,1371.600026,1371.600026,0.015,0.015,503.074375,33.2,30
777,45,Cond,combined,UNKN,ROAD,SUBURBS,5'8''X6'-top semicircular,1727.200032,1828.800034,0.015,0.015,563.5489138,33.32,30.82
C67.013,C67.012,Cond,combined,UNKN,ROAD,SUBURBS,CIRC,1371.600026,1371.600026,0.015,0.015,1150.77551,33.38,27.4
C53.M11,C53-M11.1,Cond,combined,UNKN,ROAD,SUBURBS,RECT,1828.800034,2286.000043,0.015,0.015,248.7159974,34.39,32.9
58,392631,Cond,combined,UNKN,ROAD,SUBURBS,CIRC,1828.800034,1828.800034,0.015,0.015,551.7122486,35.012,26.452
666,777,Cond,combined,UNKN,ROAD,SUBURBS,5'8''X6'-top semicircular,1727.200032,1828.800034,0.015,0.015,498.7362739,35.5,33.32
C78.002,R78,Cond,combined,UNKN,ROAD,SUBURBS,CIRC,1371.600026,1371.600026,0.015,0.015,470.162528,35.63,13.99
N710,N711,Cond,combined,UNKN,ROAD,SUBURBS,RECT,1524.000029,2438.400046,0.015,0.015,711.5344305,36.372,30.522
37,38,Cond,combined,UNKN,ROAD,SUBURBS,RECT,2743.200052,2286.000043,0.015,0.015,2216.022793,36.58,28.36
C60.M05,C60.M04,Cond,combined,UNKN,ROAD,SUBURBS,CIRC,1524.000029,1524.000029,0.015,0.015,360.8840026,36.58,32.33
C62.M31,C6.2M25,Cond,combined,UNKN,ROAD,SUBURBS,RECT,1371.600026,1524.000029,0.015,0.015,449.6753127,36.58,28
35,666,Cond,combined,UNKN,ROAD,SUBURBS,5'8''X6'-top semicircular,1727.200032,1828.800034,0.015,0.015,251.6255431,36.79,35.5
39433,C6.2M25,Cond,combined,UNKN,ROAD,SUBURBS,RECT,1371.600026,1524.000029,0.015,0.015,498.836603,37,28
Reg7.03,392710,Cond,combined,UNKN,ROAD,SUBURBS,RECT,1066.80002,711.0984134,0.015,0.015,1151.377485,37.032,27.242
36,C53.M11,Cond,combined,UNKN,ROAD,SUBURBS,RECT,1828.800034,1727.200032,0.015,0.015,1481.761422,38.48,34.39
7000,C78.001,Cond,combined,UNKN,ROAD,SUBURBS,CIRC,609.6000115,609.6000115,0.015,0.015,580.6048716,40.37,28.5
C79.001,R79,Cond,combined,UNKN,ROAD,SUBURBS,CIRC,1066.80002,1066.80002,0.015,0.015,463.6210665,40.37,28.76
R52.01,R52.02,Cond,combined,UNKN,ROAD,SUBURBS,CIRC,509.0160096,509.0160096,0.015,0.015,587.3269256,40.382,7.862
34,35,Cond,combined,UNKN,ROAD,SUBURBS,5'8''X6'-top semicircular,1727.200032,1828.800034,0.015,0.015,1441.328769,41.94,36.79
BR77.01,PS-RDale.1,Cond,combined,UNKN,ROAD,SUBURBS,CIRC,685.8000129,685.8000129,0.015,0.015,248.4150099,42.46,42.13
33,36,Cond,combined,UNKN,ROAD,SUBURBS,RECT,1828.800034,1727.200032,0.015,0.015,884.0645264,42.58,38.48
WI52-052,RW52-052,Cond,combined,UNKN,ROAD,SUBURBS,CIRC,1524.000029,1524.000029,0.015,0.015,219.720869,42.792,35.142
Reg7.02,391881,Cond,combined,UNKN,ROAD,SUBURBS,RECT,1219.200023,812.8000153,0.015,0.015,1183.884134,43.292,22.422
C60.M06,C60.M05,Cond,combined,UNKN,ROAD,SUBURBS,CIRC,1524.000029,1524.000029,0.015,0.015,478.3694536,43.5,36.58
WI77-055,RW77-055,Cond,combined,UNKN,ROAD,SUBURBS,CIRC,1219.200023,1219.200023,0.015,0.015,127.7190257,44.33,3.5
395241,N710,Cond,combined,UNKN,ROAD,SUBURBS,RECT,1524.000029,1524.000029,0.015,0.015,365.0978275,45.092,36.372
C53.M13,33,Cond,combined,UNKN,ROAD,SUBURBS,RECT,2286.000043,1828.800034,0.015,0.015,721.5590618,45.48,42.58
Reg7.04,N711,Cond,combined,UNKN,ROAD,SUBURBS,RECT,1219.200023,812.9016153,0.015,0.015,1523.137169,46.472,29.922
N717,395241,Cond,combined,UNKN,ROAD,SUBURBS,RECT,1574.80003,1041.40002,0.015,0.015,137.1499671,46.792,45.092
N717,395241,Cond,combined,UNKN,ROAD,SUBURBS,RECT,914.4000172,2133.60004,0.015,0.015,179.4716871,46.792,45.092
31,33,Cond,combined,UNKN,ROAD,SUBURBS,CIRC,2590.800049,2590.800049,0.015,0.015,70.33247297,47.27,42.58
44,49,Cond,combined,UNKN,ROAD,SUBURBS,RECT,1219.200023,1219.200023,0.015,0.015,1213.228522,48.42,33.2
Reg7.06,N717,Cond,combined,UNKN,ROAD,SUBURBS,RECT,1219.200023,1981.200037,0.015,0.015,534.6340487,48.472,46.792
333,34,Cond,combined,UNKN,ROAD,SUBURBS,5'8''X6'-top semicircular,1828.800034,1727.200032,0.015,0.015,1357.353259,48.972,41.94
29,333,Cond,combined,UNKN,ROAD,SUBURBS,5'8''X6'-top semicircular,1828.800034,1727.200032,0.015,0.015,110.15431,49.6,48.972
31,37,Cond,combined,UNKN,ROAD,SUBURBS,RECT,2590.800049,2286.000043,0.015,0.015,1646.802772,49.6,38.58
C79.002,R79,Cond,combined,UNKN,ROAD,SUBURBS,CIRC,762.0000143,762.0000143,0.015,0.015,262.3607637,49.65,27.31
395717,N717,Cond,combined,UNKN,ROAD,SUBURBS,RECT,1219.200023,1981.200037,0.015,0.015,360.1816985,51.31,46.792
C62.M26,39433,Cond,combined,UNKN,ROAD,SUBURBS,RECT,1371.600026,1524.000029,0.015,0.015,1514.970375,52.1,37
R79.02,7000,Cond,combined,UNKN,ROAD,SUBURBS,CIRC,609.6000115,609.6000115,0.015,0.015,502.8497696,52.66,40.37
295679,29,Cond,combined,UNKN,ROAD,SUBURBS,5'8''X6'-top semicircular,1828.800034,1727.200032,0.015,0.015,610.0385185,53.96,49.6
C77.001,R77,Cond,combined,UNKN,ROAD,SUBURBS,CIRC,1066.80002,1066.80002,0.015,0.015,212.7981567,57.4,52.5
25,C53.M13,Cond,combined,UNKN,ROAD,SUBURBS,CIRC,1295.400024,1295.400024,0.015,0.015,1084.558262,58.71,45.48
26,295679,Cond,combined,UNKN,ROAD,SUBURBS,CIRC,1371.600026,1371.600026,0.015,0.015,357.2502324,60.03,53.96
R79.01,R79.02,Cond,combined,UNKN,ROAD,SUBURBS,CIRC,457.2000086,457.2000086,0.015,0.015,419.7772219,62.27,52.66
Reg7.07,395717,Cond,combined,UNKN,ROAD,SUBURBS,RECT,1524.000029,1066.80002,0.015,0.015,542.279131,62.392,55.342
295680,295679,Cond,combined,UNKN,ROAD,SUBURBS,CIRC,1219.200023,1219.200023,0.015,0.015,387.5332308,64.93,55.79
C77.002,R77,Cond,combined,UNKN,ROAD,SUBURBS,CIRC,762.0000143,762.0000143,0.015,0.015,301.4891376,66.5,44.6
Reg7.05,N710,Cond,combined,UNKN,ROAD,SUBURBS,RECT,1219.200023,812.9016153,0.015,0.015,1322.037393,66.552,36.372
N719,Reg7.06,Cond,combined,UNKN,ROAD,SUBURBS,RECT,1219.200023,812.9016153,0.015,0.015,1025.022936,73.542,48.472
R78.01,C77.001,Cond,combined,UNKN,ROAD,SUBURBS,CIRC,762.0000143,762.0000143,0.015,0.015,835.2302568,75.5,57.4
C60.M07,C60.M06,Cond,combined,UNKN,ROAD,SUBURBS,CIRC,1219.200023,1219.200023,0.015,0.015,1149.069914,77,43.5
135,R52,Cond,combined,UNKN,ROAD,SUBURBS,CIRC,1219.200023,1219.200023,0.015,0.015,171.7330085,77.142,42.842
398158,C62.M26,Cond,combined,UNKN,ROAD,SUBURBS,RECT,1371.600026,1524.000029,0.015,0.015,722.1693219,78.9,52.1
C53.M14,26,Cond,combined,UNKN,ROAD,SUBURBS,RECT,1828.800034,1676.400032,0.015,0.015,568.3685077,80.07,60.03
193939,29,Cond,combined,UNKN,ROAD,SUBURBS,CIRC,1219.200023,1219.200023,0.015,0.015,1134.095288,84.457,49.6
JeromeAve_W183St,C60.M07,Cond,combined,UNKN,ROAD,SUBURBS,RECT,966.2160182,1271.016024,0.015,0.015,789.8643083,85.06705875,77
C62.M27,398158,Cond,combined,UNKN,ROAD,SUBURBS,RECT,1371.600026,1524.000029,0.015,0.015,1376.114812,85.47,78.9
R77.03,C76.001,Cond,combined,UNKN,ROAD,SUBURBS,CIRC,914.4000172,914.4000172,0.015,0.015,609.9110204,85.47,29.25
15,14,Cond,combined,UNKN,ROAD,SUBURBS,"7'6""X5'0""",2286.000043,1524.000029,0.015,0.015,640.1000658,86,75
14,C66.001,Cond,combined,UNKN,ROAD,SUBURBS,"84""X74"" (1639)",2286.000043,1524.000029,0.015,0.015,851.2764975,87.15,-2.614
DavidsonAve_W183St,C62.M27,Cond,combined,UNKN,ROAD,SUBURBS,CIRC,1371.600026,1371.600026,0.015,0.015,272.7869964,87.2614988,85.97
JeromeAve_EvelynPL,JeromeAve_W183St,Cond,combined,UNKN,ROAD,SUBURBS,RECT,966.2160182,1271.016024,0.015,0.015,257.2601793,87.69451382,85.06705875
DavidsonAve_EvelynPl,DavidsonAve_W183St,Cond,combined,UNKN,ROAD,SUBURBS,CIRC,1371.600026,1371.600026,0.015,0.015,261.9116222,88.50150859,87.2614988
24,C53.M14,Cond,combined,UNKN,ROAD,SUBURBS,CIRC,1219.200023,1219.200023,0.015,0.015,355.1296702,91,80.07
C62.M28,DavidsonAve_EvelynPl,Cond,combined,UNKN,ROAD,SUBURBS,CIRC,1371.600026,1371.600026,0.015,0.015,633.3335078,91.5,88.50150859
21,15,Cond,combined,UNKN,ROAD,SUBURBS,"7'6""X5'0""",2286.000043,1524.000029,0.015,0.015,1172.145622,91.9,86
C62.M29,C62.M28,Cond,combined,UNKN,ROAD,SUBURBS,CIRC,1219.200023,1219.200023,0.015,0.015,277.9117841,93,92
20,21,Cond,combined,UNKN,ROAD,SUBURBS,"7'6""X5'0""",2286.000043,1524.000029,0.015,0.015,352.0550362,93.9,91.9
C60.M08,JeromeAve_EvelynPL,Cond,combined,UNKN,ROAD,SUBURBS,RECT,966.2160182,1271.016024,0.015,0.015,619.3319289,94.02,88.76
20333,193939,Cond,combined,UNKN,ROAD,SUBURBS,CIRC,1219.200023,1219.200023,0.015,0.015,966.7787774,94.932,84.457
19,20,Cond,combined,UNKN,ROAD,SUBURBS,"7'6""X5'0""",2286.000043,1524.000029,0.015,0.015,276.9084924,95.2,93.9
17,19,Cond,combined,UNKN,ROAD,SUBURBS,"7'6""X5'0""",2286.000043,1524.000029,0.015,0.015,222.5226897,96.7,95.3
C60.M09,C60.M08,Cond,combined,UNKN,ROAD,SUBURBS,RECT,813.8160153,1118.616021,0.015,0.015,447.0667544,98,94.02
18,17,Cond,combined,UNKN,ROAD,SUBURBS,CIRC,1219.200023,1219.200023,0.015,0.015,723.4736011,100.5,96.7
22,18,Cond,combined,UNKN,ROAD,SUBURBS,CIRC,1219.200023,1219.200023,0.015,0.015,269.0828176,101.9,100.5
47,C51.001,Cond,combined,UNKN,ROAD,SUBURBS,CIRC,1066.80002,1066.80002,0.015,0.015,380.1431068,108.942,95.572
23,22,Cond,combined,UNKN,ROAD,SUBURBS,CIRC,1219.200023,1219.200023,0.015,0.015,780.1495458,111.2,101.9
394848,135,Cond,combined,UNKN,ROAD,SUBURBS,RECT,1219.200023,1219.200023,0.015,0.015,732.8789307,115.742,77.142
R77.02,R77.03,Cond,combined,UNKN,ROAD,SUBURBS,CIRC,914.4000172,914.4000172,0.015,0.015,1020.949572,116.6,85.47
R77.01,R77.02,Cond,combined,UNKN,ROAD,SUBURBS,CIRC,914.4000172,914.4000172,0.015,0.015,997.3722186,125,116.6
46,47,Cond,combined,UNKN,ROAD,SUBURBS,RECT,1320.800025,1219.200023,0.015,0.015,436.9549845,129.042,108.942
43,46,Cond,combined,UNKN,ROAD,SUBURBS,RECT,1219.200023,1219.200023,0.015,0.015,287.0910884,132.742,129.042
39142,394848,Cond,combined,UNKN,ROAD,SUBURBS,RECT,1219.200023,1219.200023,0.015,0.015,163.979018,141.842,115.642
396048,39142,Cond,combined,UNKN,ROAD,SUBURBS,RECT,1219.200023,1219.200023,0.015,0.015,120.7283735,145.142,141.842
W178st_AmsterdamAve,396048,Cond,combined,UNKN,ROAD,SUBURBS,RECT,1219.200023,1219.200023,0.015,0.015,316.0552594,148.0238375,145.142
130,W178st_AmsterdamAve,Cond,combined,UNKN,ROAD,SUBURBS,RECT,1219.200023,1219.200023,0.015,0.015,517.2832993,152.742,148.0238375
