date,usage_mgd
1/1/2018,115
1/2/2018,120
1/3/2018,119.42
1/4/2018,116.6
1/5/2018,124.14
1/6/2018,118.99
1/7/2018,124.51
1/8/2018,120.75
1/9/2018,121.65
1/10/2018,119.97
1/11/2018,117.1
1/12/2018,115.6
1/13/2018,118.59
1/14/2018,118.59
1/15/2018,118.28
1/16/2018,120.44
1/17/2018,118.27
1/18/2018,116.5
1/19/2018,118.13
1/20/2018,116.59
1/21/2018,107.53
1/22/2018,125.92
1/23/2018,115.84
1/24/2018,114.13
1/25/2018,115.48
1/26/2018,116.11
1/27/2018,116.11
1/28/2018,116.22
1/29/2018,115.58
1/30/2018,116.03
1/31/2018,115.31
2/1/2018,113.74
2/2/2018,113.05
2/3/2018,93.19
2/4/2018,112.35
2/5/2018,114.33
2/6/2018,118.39
2/7/2018,114.42
2/8/2018,112.36
2/9/2018,112.36
2/10/2018,110.12
2/11/2018,120.36
2/12/2018,115.37
2/13/2018,113.65
2/14/2018,114.59
2/15/2018,115.26
2/16/2018,113.75
2/17/2018,113.26
2/18/2018,111.18
2/19/2018,112.32
2/20/2018,104.27
2/21/2018,117.74
2/22/2018,117.74
2/23/2018,112.62
2/24/2018,110.51
2/25/2018,112.23
2/26/2018,109.23
2/27/2018,109.57
2/28/2018,110.77
3/1/2018,110.72
3/2/2018,112.76
3/3/2018,110.95
3/4/2018,108.58
3/5/2018,115.94
3/6/2018,110.78
3/7/2018,110.78
3/8/2018,112.61
3/9/2018,114.46
3/10/2018,111.51
3/11/2018,111.61
3/12/2018,110.33
3/13/2018,114.01
3/14/2018,112.05
3/15/2018,113.1
3/16/2018,109.7
3/17/2018,112.59
3/18/2018,111.06
3/19/2018,112.76
3/20/2018,112.76
3/21/2018,111.58
3/22/2018,113.53
3/23/2018,107.74
3/24/2018,122.4
3/25/2018,113.16
3/26/2018,112.08
3/27/2018,112.13
3/28/2018,113.71
3/29/2018,112.59
3/30/2018,114.02
3/31/2018,113.96
4/1/2018,112.39
4/2/2018,112.39
4/3/2018,111.99
4/4/2018,111.29
4/5/2018,110.53
4/6/2018,112.01
4/7/2018,110.36
4/8/2018,88.32
4/9/2018,109.72
4/10/2018,112.51
4/11/2018,112.28
4/12/2018,114.93
4/13/2018,113.56
4/14/2018,113.55
4/15/2018,113.55
4/16/2018,114.71
4/17/2018,108.29
4/18/2018,119.53
4/19/2018,114.63
4/20/2018,114.32
4/21/2018,113.89
4/22/2018,114.9
4/23/2018,111.75
4/24/2018,113.31
4/25/2018,115.9
4/26/2018,114.76
4/27/2018,114.29
4/28/2018,114.29
4/29/2018,114.71
4/30/2018,98.98
5/1/2018,129.23
5/2/2018,113.66
5/3/2018,112.64
5/4/2018,112.05
5/5/2018,112.3
5/6/2018,111.86
5/7/2018,112.75
5/8/2018,111.63
5/9/2018,113.1
5/10/2018,107.6
5/11/2018,107.6
5/12/2018,120.3
5/13/2018,116.68
5/14/2018,117
5/15/2018,117.17
5/16/2018,111.82
5/17/2018,113.9
5/18/2018,114
5/19/2018,114.34
5/20/2018,113.73
5/21/2018,113.87
5/22/2018,111.97
5/23/2018,111.62
5/24/2018,111.62
5/25/2018,111.42
5/26/2018,116.22
5/27/2018,112.8
5/28/2018,112.52
5/29/2018,114
5/30/2018,103.44
5/31/2018,124.38
6/1/2018,116.78
6/2/2018,114.86
6/3/2018,115.16
6/4/2018,116.72
6/5/2018,116.61
6/6/2018,116.61
6/7/2018,119.06
6/8/2018,109.96
6/9/2018,112.08
6/10/2018,115.65
6/11/2018,117.73
6/12/2018,113.91
6/13/2018,94.23
6/14/2018,119.3
6/15/2018,114.73
6/16/2018,113.62
6/17/2018,115.81
6/18/2018,114.37
6/19/2018,114.37
6/20/2018,114.6
6/21/2018,115.91
6/22/2018,116.55
6/23/2018,108.65
6/24/2018,121.01
6/25/2018,115.99
6/26/2018,116.54
6/27/2018,118.54
6/28/2018,117.99
6/29/2018,115.31
6/30/2018,118.58
7/1/2018,122.09
7/2/2018,122.09
7/3/2018,123.44
7/4/2018,121.66
7/5/2018,119.94
7/6/2018,120.67
7/7/2018,115.67
7/8/2018,117.97
7/9/2018,118.56
7/10/2018,117.38
7/11/2018,117.15
7/12/2018,117.65
7/13/2018,121.65
7/14/2018,120.65
7/15/2018,120.65
7/16/2018,122.06
7/17/2018,125.15
7/18/2018,128.65
7/19/2018,124.43
7/20/2018,122.32
7/21/2018,122.68
7/22/2018,117.54
7/23/2018,117.25
7/24/2018,120.04
7/25/2018,122.06
7/26/2018,124.35
7/27/2018,121.2
7/28/2018,121.2
7/29/2018,123.31
7/30/2018,120.1
7/31/2018,111.91
8/1/2018,129.78
8/2/2018,124.17
8/3/2018,120.13
8/4/2018,119.97
8/5/2018,120.39
8/6/2018,117.1
8/7/2018,116.96
8/8/2018,119.5
8/9/2018,121.69
8/10/2018,121.69
8/11/2018,119.8
8/12/2018,126.49
8/13/2018,116.06
8/14/2018,119.41
8/15/2018,116.4
8/16/2018,116.22
8/17/2018,120.5
8/18/2018,100.09
8/19/2018,116.17
8/20/2018,131.63
8/21/2018,113.86
8/22/2018,120.33
8/23/2018,120.33
8/24/2018,120.36
8/25/2018,108.19
8/26/2018,142.91
8/27/2018,124.67
8/28/2018,122.72
8/29/2018,118.42
8/30/2018,121.19
8/31/2018,118.32
9/1/2018,121.96
9/2/2018,121.06
9/3/2018,122.64
9/4/2018,123.65
9/5/2018,123.65
9/6/2018,120.43
9/7/2018,114.82
9/8/2018,116.33
9/9/2018,117.7
9/10/2018,118.3
9/11/2018,118.33
9/12/2018,118.75
9/13/2018,117.35
9/14/2018,115.65
9/15/2018,120.99
9/16/2018,125
9/17/2018,128.02
9/18/2018,128.02
9/19/2018,127.03
9/20/2018,121.3
9/21/2018,118.43
9/22/2018,115.76
9/23/2018,120.66
9/24/2018,128.56
9/25/2018,129.04
9/26/2018,128.85
9/27/2018,123.2
9/28/2018,121.09
9/29/2018,117.03
9/30/2018,116.85
10/1/2018,116.85
10/2/2018,120.06
10/3/2018,119.47
10/4/2018,120.54
10/5/2018,120.43
10/6/2018,121.77
10/7/2018,122.15
10/8/2018,146.22
10/9/2018,97.75
10/10/2018,124.23
10/11/2018,120.52
10/12/2018,119.55
10/13/2018,120.66
10/14/2018,120.66
10/15/2018,118.33
10/16/2018,118.79
10/17/2018,139.62
10/18/2018,122.02
10/19/2018,85.83
10/20/2018,137.04
10/21/2018,97.89
10/22/2018,117.4
10/23/2018,96.82
10/24/2018,118.38
10/25/2018,119.38
10/26/2018,120.52
10/27/2018,120.52
10/28/2018,119.42
10/29/2018,119.67
10/30/2018,116.32
10/31/2018,120.9
11/1/2018,123.35
11/2/2018,120.62
11/3/2018,122.47
11/4/2018,118.76
11/5/2018,116.52
11/6/2018,117.54
11/7/2018,115.72
11/8/2018,117.24
11/9/2018,117.24
11/10/2018,115.44
11/11/2018,117.35
11/12/2018,117.65
11/13/2018,115.64
11/14/2018,117.57
11/15/2018,118.09
11/16/2018,116.47
11/17/2018,116.7
11/18/2018,117.9
11/19/2018,117.09
11/20/2018,116.15
11/21/2018,118.3
11/22/2018,118.3
11/23/2018,115.46
11/24/2018,116.98
11/25/2018,115.44
11/26/2018,113.39
11/27/2018,116.68
11/28/2018,121.68
11/29/2018,115.94
11/30/2018,126.16
12/1/2018,105.68
12/2/2018,116.02
12/3/2018,115.3
12/4/2018,115.68
12/5/2018,115.68
12/6/2018,117.54
12/7/2018,116.57
12/8/2018,118
12/9/2018,74.72
12/10/2018,157.34
12/11/2018,126.33
12/12/2018,107.42
12/13/2018,119.6
12/14/2018,117.39
12/15/2018,116.28
12/16/2018,116.78
12/17/2018,119.49
12/18/2018,119.49
12/19/2018,125.24
12/20/2018,111.55
12/21/2018,113.96
12/22/2018,115.17
12/23/2018,116.13
12/24/2018,116.24
12/25/2018,120.34
12/26/2018,113.43
12/27/2018,114.26
12/28/2018,95.02
12/29/2018,115.04
12/30/2018,116.92
12/31/2018,116.92
1/1/2019,117.3
1/2/2019,118.14
1/3/2019,116
1/4/2019,116.51
1/5/2019,118.89
1/6/2019,119.59
1/7/2019,118.23
1/8/2019,117.45
1/9/2019,117.22
1/10/2019,116.05
1/11/2019,115.59
1/12/2019,116.71
1/13/2019,116.71
1/14/2019,116.99
1/15/2019,117.37
1/16/2019,116.62
1/17/2019,116.38
1/18/2019,114.88
1/19/2019,113.31
1/20/2019,113.67
1/21/2019,113.64
1/22/2019,116.25
1/23/2019,109.49
1/24/2019,108.81
1/25/2019,113.12
1/26/2019,113.12
1/27/2019,110.96
1/28/2019,112.31
1/29/2019,110.96
1/30/2019,118.94
1/31/2019,110.01
2/1/2019,112.66
2/2/2019,114.45
2/3/2019,113.25
2/4/2019,113.05
2/5/2019,115.14
2/6/2019,114.72
2/7/2019,112.87
2/8/2019,112.87
2/9/2019,113.19
2/10/2019,115.46
2/11/2019,115.28
2/12/2019,116.84
2/13/2019,117.38
2/14/2019,116.34
2/15/2019,113.94
2/16/2019,114.63
2/17/2019,114.27
2/18/2019,113.32
2/19/2019,114.24
2/20/2019,113.25
2/21/2019,113.25
2/22/2019,120.09
2/23/2019,119.43
2/24/2019,121.16
2/25/2019,114.57
2/26/2019,110.49
2/27/2019,114.51
2/28/2019,114.63
3/1/2019,121.52
3/2/2019,106.36
3/3/2019,113.35
3/4/2019,117.19
3/5/2019,112.43
3/6/2019,112.43
3/7/2019,117.41
3/8/2019,118.46
3/9/2019,114.07
3/10/2019,112.68
3/11/2019,112.75
3/12/2019,112.61
3/13/2019,112.88
3/14/2019,115.13
3/15/2019,116.29
3/16/2019,113.93
3/17/2019,114.61
3/18/2019,112.74
3/19/2019,112.74
3/20/2019,110.78
3/21/2019,109.63
3/22/2019,110.12
3/23/2019,107.71
3/24/2019,110.12
3/25/2019,111.65
3/26/2019,112.64
3/27/2019,113.91
3/28/2019,108.9
3/29/2019,111.49
3/30/2019,111.57
3/31/2019,112.43
4/1/2019,112.43
4/2/2019,113.24
4/3/2019,113.07
4/4/2019,112.17
4/5/2019,111.63
4/6/2019,112.03
4/7/2019,114.16
4/8/2019,112
4/9/2019,114.37
4/10/2019,113.58
4/11/2019,117.9
4/12/2019,112.77
4/13/2019,113.78
4/14/2019,113.78
4/15/2019,108.35
4/16/2019,114.66
4/17/2019,112.74
4/18/2019,113.81
4/19/2019,111.66
4/20/2019,112.11
4/21/2019,111.22
4/22/2019,111.97
4/23/2019,112.49
4/24/2019,110.63
4/25/2019,114.49
4/26/2019,109.18
4/27/2019,109.18
4/28/2019,103.33
4/29/2019,109.92
4/30/2019,110.87
5/1/2019,107.3
5/2/2019,108.86
5/3/2019,108.8
5/4/2019,108.81
5/5/2019,107.78
5/6/2019,109.77
5/7/2019,108.98
5/8/2019,108.96
5/9/2019,108.11
5/10/2019,108.11
5/11/2019,107.21
5/12/2019,109.04
5/13/2019,107.96
5/14/2019,109.86
5/15/2019,108.32
5/16/2019,107.49
5/17/2019,107.17
5/18/2019,107.6
5/19/2019,107.11
5/20/2019,107.37
5/21/2019,108.39
5/22/2019,108.98
5/23/2019,108.98
5/24/2019,107.42
5/25/2019,110.09
5/26/2019,108.13
5/27/2019,107.67
5/28/2019,109.75
5/29/2019,105.19
5/30/2019,104.99
5/31/2019,105.08
6/1/2019,106.3
6/2/2019,105.74
6/3/2019,105.87
6/4/2019,104.92
6/5/2019,104.92
6/6/2019,105.69
6/7/2019,105.24
6/8/2019,107.2
6/9/2019,105.26
6/10/2019,106.04
6/11/2019,106.41
6/12/2019,106.22
6/13/2019,107.95
6/14/2019,107.17
6/15/2019,108.71
6/16/2019,107.45
6/17/2019,108.17
6/18/2019,108.17
6/19/2019,107.18
6/20/2019,107
6/21/2019,107.92
6/22/2019,104.03
6/23/2019,106.88
6/24/2019,108.23
6/25/2019,108.2
6/26/2019,107.7
6/27/2019,108.85
6/28/2019,108.77
6/29/2019,107.85
6/30/2019,111.62
7/1/2019,111.62
7/2/2019,109.45
7/3/2019,108.55
7/4/2019,106.9
7/5/2019,109.2
7/6/2019,106.37
7/7/2019,102.66
7/8/2019,105.72
7/9/2019,107.79
7/10/2019,107.12
7/11/2019,106.99
7/12/2019,107.19
7/13/2019,108.71
7/14/2019,108.71
7/15/2019,107.75
7/16/2019,108.55
7/17/2019,107.71
7/18/2019,108.35
7/19/2019,111.12
7/20/2019,111.35
7/21/2019,110.11
7/22/2019,107.29
7/23/2019,106.91
7/24/2019,108.55
7/25/2019,109.28
7/26/2019,105.58
7/27/2019,105.58
7/28/2019,107.15
7/29/2019,108.79
7/30/2019,106.76
7/31/2019,110.19
8/1/2019,109.52
8/2/2019,108.77
8/3/2019,110.62
8/4/2019,110.35
8/5/2019,108.74
8/6/2019,108.18
8/7/2019,110.19
8/8/2019,111.95
8/9/2019,111.95
8/10/2019,114.38
8/11/2019,114.46
8/12/2019,115.72
8/13/2019,114.77
8/14/2019,111.44
8/15/2019,111.59
8/16/2019,114.87
8/17/2019,115.99
8/18/2019,113.13
8/19/2019,110.06
8/20/2019,113.9
8/21/2019,112.52
8/22/2019,112.52
8/23/2019,112.94
8/24/2019,114.06
8/25/2019,116.68
8/26/2019,117.94
8/27/2019,113.18
8/28/2019,114.39
8/29/2019,112.59
8/30/2019,114.07
8/31/2019,117.2
9/1/2019,119.76
9/2/2019,114.92
9/3/2019,116.53
9/4/2019,116.53
9/5/2019,118.52
9/6/2019,117.75
9/7/2019,119.43
9/8/2019,113.22
9/9/2019,113.67
9/10/2019,114.25
9/11/2019,114.63
9/12/2019,113.77
9/13/2019,113.17
9/14/2019,116.91
9/15/2019,119.66
9/16/2019,120.03
9/17/2019,120.03
9/18/2019,114.67
9/19/2019,115.56
9/20/2019,116.92
9/21/2019,114
9/22/2019,120.31
9/23/2019,110.91
9/24/2019,116.69
9/25/2019,115.6
9/26/2019,118.34
9/27/2019,111.69
9/28/2019,111.59
9/29/2019,127.3
9/30/2019,127.3
10/1/2019,102.38
10/2/2019,117.27
10/3/2019,116.5
10/4/2019,115.77
10/5/2019,115.6
10/6/2019,114.48
10/7/2019,123.46
10/8/2019,134.79
10/9/2019,97.21
10/10/2019,126.41
10/11/2019,106.01
10/12/2019,113.13
10/13/2019,113.13
10/14/2019,110.12
10/15/2019,113.22
10/16/2019,111.87
10/17/2019,114.18
10/18/2019,113.92
10/19/2019,114.91
10/20/2019,113.33
10/21/2019,109.09
10/22/2019,110.86
10/23/2019,115.96
10/24/2019,117.47
10/25/2019,115.86
10/26/2019,115.86
10/27/2019,113.98
10/28/2019,112.04
10/29/2019,114.02
10/30/2019,114.92
10/31/2019,114.77
11/1/2019,116.02
11/2/2019,117.52
11/3/2019,113.05
11/4/2019,113.88
11/5/2019,116.86
11/6/2019,115.41
11/7/2019,115.71
11/8/2019,115.71
11/9/2019,113.68
11/10/2019,113.33
11/11/2019,113.43
11/12/2019,115.75
11/13/2019,115.64
11/14/2019,119.6
11/15/2019,109.8
11/16/2019,115.64
11/17/2019,115.28
11/18/2019,113.31
11/19/2019,115.96
11/20/2019,115.14
11/21/2019,115.14
11/22/2019,112.56
11/23/2019,115.82
11/24/2019,116.55
11/25/2019,113.73
11/26/2019,112.87
11/27/2019,112.56
11/28/2019,112.5
11/29/2019,114.02
11/30/2019,112.31
12/1/2019,112.83
12/2/2019,112.88
12/3/2019,110.14
12/4/2019,110.14
12/5/2019,111.75
12/6/2019,97.57
12/7/2019,126.42
12/8/2019,111.77
12/9/2019,90.57
12/10/2019,127.65
12/11/2019,74.12
12/12/2019,156
12/13/2019,112.3
12/14/2019,112.34
12/15/2019,111.99
12/16/2019,110.75
12/17/2019,110.75
12/18/2019,111.54
12/19/2019,113.04
12/20/2019,109.49
12/21/2019,109.09
12/22/2019,112.4
12/23/2019,109.77
12/24/2019,111.28
12/25/2019,112.93
12/26/2019,111.71
12/27/2019,111.07
12/28/2019,116.57
12/29/2019,110.75
12/30/2019,110.75
12/31/2019,111.41
1/1/2020,111.41
1/2/2020,110.18
1/3/2020,112.85
1/4/2020,115.67
1/5/2020,111.5
1/6/2020,113.32
1/7/2020,110.6
1/8/2020,112.73
1/9/2020,111.77
1/10/2020,112.11
1/11/2020,109.95
1/12/2020,109.95
1/13/2020,115.1
1/14/2020,112.76
1/15/2020,111.09
1/16/2020,111.11
1/17/2020,110.54
1/18/2020,112.08
1/19/2020,113.7
1/20/2020,109.96
1/21/2020,112.35
1/22/2020,110.34
1/23/2020,112.59
1/24/2020,117.46
1/25/2020,117.46
1/26/2020,102.42
1/27/2020,104.96
1/28/2020,107.43
1/29/2020,109.56
1/30/2020,110.24
1/31/2020,106.31
2/1/2020,111.09
2/2/2020,109.43
2/3/2020,110.98
2/4/2020,110.25
2/5/2020,108.36
2/6/2020,107.3
2/7/2020,107.3
2/8/2020,109.89
2/9/2020,106.89
2/10/2020,107.4
2/11/2020,109.48
2/12/2020,110.6
2/13/2020,109.21
2/14/2020,108.35
2/15/2020,110.89
2/16/2020,107.47
2/17/2020,108.45
2/18/2020,109.77
2/19/2020,109.55
2/20/2020,109.55
2/21/2020,108.52
2/22/2020,110.38
2/23/2020,101.65
2/24/2020,100.97
2/25/2020,104.46
2/26/2020,105.34
2/27/2020,104.15
2/28/2020,106.53
2/29/2020,113.71
3/1/2020,103.48
3/2/2020,105.86
3/3/2020,105.2
3/4/2020,105.2
3/5/2020,108.2
3/6/2020,107.5
3/7/2020,108.19
3/8/2020,108.27
3/9/2020,109.39
3/10/2020,108.63
3/11/2020,108.67
3/12/2020,109.1
3/13/2020,110.2
3/14/2020,107.58
3/15/2020,107.66
3/16/2020,107.64
3/17/2020,107.64
3/18/2020,106.76
3/19/2020,108.2
3/20/2020,108.23
3/21/2020,108.09
3/22/2020,110.89
3/23/2020,111.85
3/24/2020,108.31
3/25/2020,106.68
3/26/2020,106.16
3/27/2020,106.5
3/28/2020,108.24
3/29/2020,107.3
3/30/2020,107.3
3/31/2020,107.45
4/1/2020,105.97
4/2/2020,107.24
4/3/2020,106.03
4/4/2020,105.81
4/5/2020,107.69
4/6/2020,105.95
4/7/2020,105.52
4/8/2020,106.48
4/9/2020,105.95
4/10/2020,107.33
4/11/2020,108.82
4/12/2020,108.82
4/13/2020,110.57
4/14/2020,106.65
4/15/2020,105.2
4/16/2020,108.48
4/17/2020,109.55
4/18/2020,108.54
4/19/2020,108.97
4/20/2020,104.32
4/21/2020,108.06
4/22/2020,107.36
4/23/2020,107.27
4/24/2020,110.16
4/25/2020,110.16
4/26/2020,106.12
4/27/2020,109.05
4/28/2020,108.22
4/29/2020,107.84
4/30/2020,106.97
5/1/2020,107.75
5/2/2020,107.53
5/3/2020,108.16
5/4/2020,108.53
5/5/2020,112.12
5/6/2020,106.76
5/7/2020,109.21
5/8/2020,109.21
5/9/2020,105.93
5/10/2020,108.63
5/11/2020,108.61
5/12/2020,110.04
5/13/2020,106.92
5/14/2020,110.46
5/15/2020,109.9
5/16/2020,108.82
5/17/2020,108.06
5/18/2020,108
5/19/2020,107.92
5/20/2020,111.97
5/21/2020,111.97
5/22/2020,105.72
5/23/2020,108.17
5/24/2020,111.23
5/25/2020,105.72
5/26/2020,107.58
5/27/2020,108.9
5/28/2020,108.8
5/29/2020,108.54
5/30/2020,108.69
5/31/2020,105.54
6/1/2020,107.21
6/2/2020,107.38
6/3/2020,107.38
6/4/2020,107.72
6/5/2020,102.52
6/6/2020,105.93
6/7/2020,106.28
6/8/2020,103.43
6/9/2020,105.71
6/10/2020,105.6
6/11/2020,106
6/12/2020,106.29
6/13/2020,108.62
6/14/2020,103.34
6/15/2020,104.94
6/16/2020,104.94
6/17/2020,109.82
6/18/2020,102.02
6/19/2020,108.52
6/20/2020,105.2
6/21/2020,103.95
6/22/2020,107.75
6/23/2020,108.44
6/24/2020,106.96
6/25/2020,105.5
6/26/2020,108.25
6/27/2020,107.61
6/28/2020,104.84
6/29/2020,104.84
6/30/2020,106.13
7/1/2020,109.86
7/2/2020,58.28
7/3/2020,151.44
7/4/2020,106.94
7/5/2020,108.79
7/6/2020,104.97
7/7/2020,109.79
7/8/2020,107.17
7/9/2020,106.67
7/10/2020,105.01
7/11/2020,108.23
7/12/2020,108.23
7/13/2020,108.41
7/14/2020,107.79
7/15/2020,110.69
7/16/2020,106.9
7/17/2020,105.43
7/18/2020,108.2
7/19/2020,106.44
7/20/2020,110.85
7/21/2020,102.65
7/22/2020,105.95
7/23/2020,107.95
7/24/2020,107.89
7/25/2020,107.89
7/26/2020,112.15
7/27/2020,112.19
7/28/2020,106.45
7/29/2020,108.94
7/30/2020,108.71
7/31/2020,109.39
8/1/2020,108.71
8/2/2020,109.95
8/3/2020,107.46
8/4/2020,110.02
8/5/2020,104.77
8/6/2020,108.92
8/7/2020,108.92
8/8/2020,111.34
8/9/2020,111.09
8/10/2020,112.45
8/11/2020,112.66
8/12/2020,108.9
8/13/2020,108.53
8/14/2020,108.39
8/15/2020,109.86
8/16/2020,112.55
8/17/2020,112.84
8/18/2020,113.08
8/19/2020,108.96
8/20/2020,108.96
8/21/2020,110.09
8/22/2020,109.97
8/23/2020,116.66
8/24/2020,113.69
8/25/2020,114.48
8/26/2020,111.28
8/27/2020,111.28
8/28/2020,107.43
8/29/2020,111.24
8/30/2020,111.55
8/31/2020,112.31
9/1/2020,114.4
9/2/2020,114.4
9/3/2020,113.18
9/4/2020,113.2
9/5/2020,115.46
9/6/2020,117.37
9/7/2020,117.46
9/8/2020,115.01
9/9/2020,116.71
9/10/2020,113.1
9/11/2020,115.54
9/12/2020,115.93
9/13/2020,114.42
9/14/2020,115.02
9/15/2020,115.02
9/16/2020,116.4
9/17/2020,115
9/18/2020,109.92
9/19/2020,109.9
9/20/2020,113.62
9/21/2020,114.39
9/22/2020,116.1
9/23/2020,116.79
9/24/2020,112.9
9/25/2020,114.8
9/26/2020,113.36
9/27/2020,114.16
9/28/2020,114.16
9/29/2020,114.65
9/30/2020,115.43
10/1/2020,114.39
10/2/2020,112.73
10/3/2020,116.23
10/4/2020,114.39
10/5/2020,117.96
10/6/2020,118.86
10/7/2020,120.56
10/8/2020,118.26
10/9/2020,119.2
10/10/2020,118.09
10/11/2020,118.09
10/12/2020,118.76
10/13/2020,117.41
10/14/2020,120.86
10/15/2020,122.65
10/16/2020,120.5
10/17/2020,118.98
10/18/2020,118.07
10/19/2020,115.71
10/20/2020,120.96
10/21/2020,116.19
10/22/2020,118.27
10/23/2020,117.6
10/24/2020,117.6
10/25/2020,117.52
10/26/2020,115.45
10/27/2020,116.09
10/28/2020,119.63
10/29/2020,121.98
10/30/2020,121.75
10/31/2020,118.87
11/1/2020,118.92
11/2/2020,117.71
11/3/2020,111.35
11/4/2020,117.06
11/5/2020,115.6
11/6/2020,115.6
11/7/2020,116.45
11/8/2020,114.26
11/9/2020,115.52
11/10/2020,116.53
11/11/2020,114.5
11/12/2020,119.51
11/13/2020,119.05
11/14/2020,100.26
11/15/2020,133.45
11/16/2020,118.52
11/17/2020,115.21
11/18/2020,115.07
11/19/2020,115.07
11/20/2020,115.32
11/21/2020,117.24
11/22/2020,116.45
11/23/2020,115.12
11/24/2020,117.68
11/25/2020,114.68
11/26/2020,111.57
11/27/2020,112.92
11/28/2020,117.51
11/29/2020,118.86
11/30/2020,118.47
12/1/2020,120.62
12/2/2020,120.62
12/3/2020,114.72
12/4/2020,113.74
12/5/2020,115.26
12/6/2020,116.04
12/7/2020,115.75
12/8/2020,115.04
12/9/2020,115.15
12/10/2020,112.07
12/11/2020,111.14
12/12/2020,112.86
12/13/2020,114.46
12/14/2020,115.33
12/15/2020,115.33
12/16/2020,115.35
12/17/2020,116.47
12/18/2020,113.53
12/19/2020,114.02
12/20/2020,114.9
12/21/2020,116.43
12/22/2020,117.83
12/23/2020,114.1
12/24/2020,111.11
12/25/2020,113.74
12/26/2020,110.62
12/27/2020,113.86
12/28/2020,113.86
12/29/2020,113.11
12/30/2020,114.15
12/31/2020,113.89
1/1/2021,113.26
1/2/2021,111.59
1/3/2021,109.08
1/4/2021,108.85
1/5/2021,112.45
1/6/2021,112.99
1/7/2021,112.58
1/8/2021,110.03
1/9/2021,111.14
1/10/2021,111.14
1/11/2021,110.23
1/12/2021,110.81
1/13/2021,113.78
1/14/2021,110.1
1/15/2021,111.58
1/16/2021,112.97
1/17/2021,110.48
1/18/2021,109.16
1/19/2021,111.26
1/20/2021,111.98
1/21/2021,114.64
1/22/2021,108.97
1/23/2021,108.97
1/24/2021,112.85
1/25/2021,112.45
1/26/2021,113.63
1/27/2021,112.8
1/28/2021,111.32
1/29/2021,113.68
1/30/2021,110.98
1/31/2021,110.73
2/1/2021,112.62
2/2/2021,107.09
2/3/2021,113.42
2/4/2021,110.54
2/5/2021,110.54
2/6/2021,112.57
2/7/2021,113.16
2/8/2021,113.09
2/9/2021,113.54
2/10/2021,109.24
2/11/2021,111.7
2/12/2021,112.3
2/13/2021,114.47
2/14/2021,113.59
2/15/2021,113.28
2/16/2021,112.38
2/17/2021,108.37
2/18/2021,108.37
2/19/2021,123.76
2/20/2021,100.82
2/21/2021,114.07
2/22/2021,119.06
2/23/2021,105.94
2/24/2021,109.68
2/25/2021,74.61
2/26/2021,142.14
2/27/2021,113.73
2/28/2021,111.72
3/1/2021,112.53
3/2/2021,110.42
3/3/2021,110.42
3/4/2021,110.36
3/5/2021,110.81
3/6/2021,113.6
3/7/2021,112.87
3/8/2021,113.53
3/9/2021,112.33
3/10/2021,112.32
3/11/2021,109.94
3/12/2021,110.64
3/13/2021,109.42
3/14/2021,111.89
3/15/2021,112
3/16/2021,112
3/17/2021,80.09
3/18/2021,144.15
3/19/2021,111.35
3/20/2021,110.67
3/21/2021,110.81
3/22/2021,110.22
3/23/2021,111.71
3/24/2021,112.71
3/25/2021,104.23
3/26/2021,105.75
3/27/2021,106.93
3/28/2021,108.38
3/29/2021,108.38
3/30/2021,109.86
3/31/2021,111.06
4/1/2021,115.98
4/2/2021,105.27
4/3/2021,104.91
4/4/2021,104.72
4/5/2021,109.57
4/6/2021,107.88
4/7/2021,109.52
4/8/2021,108.53
4/9/2021,110.58
4/10/2021,110.56
4/11/2021,110.56
4/12/2021,106.22
4/13/2021,110.07
4/14/2021,110.34
4/15/2021,109.49
4/16/2021,107.97
4/17/2021,109.41
4/18/2021,108.14
4/19/2021,107.52
4/20/2021,108.23
4/21/2021,110.32
4/22/2021,109.62
4/23/2021,109.9
4/24/2021,109.9
4/25/2021,107.94
4/26/2021,110.12
4/27/2021,110.4
4/28/2021,110.74
4/29/2021,109.54
4/30/2021,110.85
5/1/2021,111
5/2/2021,111.96
5/3/2021,110.86
5/4/2021,111.07
5/5/2021,107.6
5/6/2021,111.9
5/7/2021,111.9
5/8/2021,110.92
5/9/2021,111.12
5/10/2021,105.52
5/11/2021,115.17
5/12/2021,108.47
5/13/2021,111.25
5/14/2021,110.46
5/15/2021,109.49
5/16/2021,110.51
5/17/2021,111.14
5/18/2021,109.4
5/19/2021,107.61
5/20/2021,107.61
5/21/2021,106.77
5/22/2021,108.95
5/23/2021,108.52
5/24/2021,108.37
5/25/2021,107.91
5/26/2021,108.86
5/27/2021,108.85
5/28/2021,107.77
5/29/2021,108.05
5/30/2021,107.88
5/31/2021,107.89
6/1/2021,107.74
6/2/2021,107.74
6/3/2021,105.9
6/4/2021,108.86
6/5/2021,106.54
6/6/2021,108.71
6/7/2021,106.72
6/8/2021,105.95
6/9/2021,111.02
6/10/2021,105.2
6/11/2021,109.18
6/12/2021,108.63
6/13/2021,107.71
6/14/2021,106.53
6/15/2021,106.53
6/16/2021,105.1
6/17/2021,106.35
6/18/2021,106.17
6/19/2021,98.85
6/20/2021,109.49
6/21/2021,105.14
6/22/2021,106.08
6/23/2021,84.67
6/24/2021,130.03
6/25/2021,106.57
6/26/2021,105.7
6/27/2021,104.04
6/28/2021,104.04
6/29/2021,105.79
6/30/2021,106.37
7/1/2021,107.7
7/2/2021,101.77
7/3/2021,105.01
7/4/2021,103.05
7/5/2021,102.47
7/6/2021,65.53
7/7/2021,110.86
7/8/2021,132.33
7/9/2021,112.14
7/10/2021,100.33
7/11/2021,100.33
7/12/2021,103.89
7/13/2021,104.81
7/14/2021,104.5
7/15/2021,112.92
7/16/2021,105.41
7/17/2021,105.7
7/18/2021,111.58
7/19/2021,106.4
7/20/2021,106.6
7/21/2021,107.13
7/22/2021,106.55
7/23/2021,105.98
7/24/2021,105.98
7/25/2021,107.81
7/26/2021,106.65
7/27/2021,104.62
7/28/2021,106.27
7/29/2021,105.66
7/30/2021,106.51
7/31/2021,107.59
8/1/2021,106.37
8/2/2021,104.86
8/3/2021,102.62
8/4/2021,106.09
8/5/2021,107.72
8/6/2021,107.72
8/7/2021,107.21
8/8/2021,104.98
8/9/2021,109.68
8/10/2021,104.91
8/11/2021,103.08
8/12/2021,106.2
8/13/2021,104.65
8/14/2021,105.72
8/15/2021,106.61
8/16/2021,106.35
8/17/2021,102.48
8/18/2021,104.13
8/19/2021,104.13
8/20/2021,104.48
8/21/2021,104.8
8/22/2021,107.96
8/23/2021,106.65
8/24/2021,105.57
8/25/2021,105.83
8/26/2021,103.6
8/27/2021,106.75
8/28/2021,107.47
8/29/2021,111.7
8/30/2021,109.49
8/31/2021,109.68
9/1/2021,109.68
9/2/2021,109.98
9/3/2021,109.21
9/4/2021,110
9/5/2021,106.92
9/6/2021,113.11
9/7/2021,109.88
9/8/2021,107.1
9/9/2021,101.27
9/10/2021,98.13
9/11/2021,103.31
9/12/2021,104.65
9/13/2021,107
9/14/2021,107
9/15/2021,106.09
9/16/2021,107.53
9/17/2021,109.4
9/18/2021,107.39
9/19/2021,114.59
9/20/2021,113.22
9/21/2021,116.24
9/22/2021,105.66
9/23/2021,116.75
9/24/2021,106.29
9/25/2021,106.38
9/26/2021,107.8
9/27/2021,107.8
9/28/2021,109.84
9/29/2021,108.5
9/30/2021,108.52
10/1/2021,110.67
10/2/2021,110.45
10/3/2021,107.1
10/4/2021,113.75
10/5/2021,110.3
10/6/2021,108.6
10/7/2021,110.98
10/8/2021,109.41
10/9/2021,109.67
10/10/2021,109.67
10/11/2021,111.07
10/12/2021,114.64
10/13/2021,118.95
10/14/2021,117.34
10/15/2021,116.29
10/16/2021,112.36
10/17/2021,106.74
10/18/2021,102.54
10/19/2021,108.35
10/20/2021,114
10/21/2021,114.44
10/22/2021,114.67
10/23/2021,114.67
10/24/2021,112.19
10/25/2021,111.93
10/26/2021,108.71
10/27/2021,115.23
10/28/2021,111.51
10/29/2021,112.12
10/30/2021,115.47
10/31/2021,114.02
11/1/2021,113.14
11/2/2021,110.82
11/3/2021,111.71
11/4/2021,115.11
11/5/2021,115.11
11/6/2021,112.06
11/7/2021,113.44
11/8/2021,112.54
11/9/2021,110.68
11/10/2021,107.68
11/11/2021,114.36
11/12/2021,113.33
11/13/2021,113.61
11/14/2021,111.86
11/15/2021,110.56
11/16/2021,108
11/17/2021,107.63
11/18/2021,107.63
11/19/2021,109.43
11/20/2021,109.67
11/21/2021,111.88
11/22/2021,110.02
11/23/2021,113.9
11/24/2021,111.36
11/25/2021,109.04
11/26/2021,111.73
11/27/2021,113.62
11/28/2021,114.77
11/29/2021,115.29
11/30/2021,115.85
12/1/2021,115.85
12/2/2021,114.36
12/3/2021,110.81
12/4/2021,112.78
12/5/2021,113.31
12/6/2021,115.13
12/7/2021,115.47
12/8/2021,117.79
12/9/2021,113.51
12/10/2021,110.02
12/11/2021,113.87
12/12/2021,116.45
12/13/2021,115.05
12/14/2021,115.05
12/15/2021,117.76
12/16/2021,118.29
12/17/2021,112.44
12/18/2021,108.67
12/19/2021,115.7
12/20/2021,115.78
12/21/2021,94.66
12/22/2021,136.9
12/23/2021,108.01
12/24/2021,87.72
12/25/2021,106.13
12/26/2021,108.61
12/27/2021,108.61
12/28/2021,130.2
12/29/2021,106.96
12/30/2021,112.03
12/31/2021,118.53
1/1/2022,103.23
1/2/2022,110.09
1/3/2022,118.63
1/4/2022,109.59
1/5/2022,114.85
1/6/2022,115.95
1/7/2022,114.45
1/8/2022,115.03
1/9/2022,115.03
1/10/2022,115.01
1/11/2022,113.42
1/12/2022,114.87
1/13/2022,114.72
1/14/2022,115.9
1/15/2022,115.6
1/16/2022,110.77
1/17/2022,112.79
1/18/2022,113.95
1/19/2022,114.08
1/20/2022,112.23
1/21/2022,113.18
1/22/2022,113.18
1/23/2022,111.96
1/24/2022,112
1/25/2022,113.15
1/26/2022,112.72
1/27/2022,111.16
1/28/2022,121.61
1/29/2022,107.63
1/30/2022,112.23
1/31/2022,110.16
2/1/2022,108.86
2/2/2022,112.44
2/3/2022,111.82
2/4/2022,111.82
2/5/2022,111.17
2/6/2022,111.86
2/7/2022,111.55
2/8/2022,111.08
2/9/2022,110.03
2/10/2022,109.33
2/11/2022,109.11
2/12/2022,109.4
2/13/2022,109.86
2/14/2022,110.1
2/15/2022,107.41
2/16/2022,109.65
2/17/2022,109.65
2/18/2022,109.32
2/19/2022,108.56
2/20/2022,108.99
2/21/2022,108.44
2/22/2022,107.96
2/23/2022,108.56
2/24/2022,108.16
2/25/2022,109.03
2/26/2022,109.93
2/27/2022,110.23
2/28/2022,110.78
3/1/2022,109.17
3/2/2022,109.17
3/3/2022,112.13
3/4/2022,111.43
3/5/2022,109.62
3/6/2022,109.24
3/7/2022,108.37
3/8/2022,109.91
3/9/2022,106.44
3/10/2022,107.86
3/11/2022,109.68
3/12/2022,108.27
3/13/2022,108.64
3/14/2022,109.03
3/15/2022,109.03
3/16/2022,107.31
3/17/2022,107.95
3/18/2022,108.13
3/19/2022,108.38
3/20/2022,108.07
3/21/2022,109.99
3/22/2022,109.95
3/23/2022,113.88
3/24/2022,100.48
3/25/2022,105.25
3/26/2022,107.41
3/27/2022,110.03
3/28/2022,110.03
3/29/2022,109
3/30/2022,109.13
3/31/2022,108.49
4/1/2022,108.25
4/2/2022,109.01
4/3/2022,110.82
4/4/2022,109.08
4/5/2022,108.89
4/6/2022,110.02
4/7/2022,108.98
4/8/2022,108.51
4/9/2022,107.68
4/10/2022,107.68
4/11/2022,109.39
4/12/2022,108.36
4/13/2022,108.34
4/14/2022,108.39
4/15/2022,106.9
4/16/2022,105.8
4/17/2022,105.64
4/18/2022,107.75
4/19/2022,107.45
4/20/2022,106.09
4/21/2022,107.21
4/22/2022,107.04
4/23/2022,107.04
4/24/2022,109.79
4/25/2022,99.2
4/26/2022,101.07
4/27/2022,103.77
4/28/2022,103.96
4/29/2022,104.37
4/30/2022,105.5
5/1/2022,111.55
5/2/2022,99.34
5/3/2022,103.78
5/4/2022,105.42
5/5/2022,107.46
5/6/2022,107.46
5/7/2022,105.31
5/8/2022,106.11
5/9/2022,105.6
5/10/2022,106.93
5/11/2022,107.29
5/12/2022,108.08
5/13/2022,109.27
5/14/2022,108.14
5/15/2022,107.86
5/16/2022,106.98
5/17/2022,107.97
5/18/2022,108.01
5/19/2022,108.01
5/20/2022,110.9
5/21/2022,109.52
5/22/2022,108.1
5/23/2022,107.38
5/24/2022,108.52
5/25/2022,109.65
5/26/2022,109.93
5/27/2022,108.24
5/28/2022,108.25
5/29/2022,108.78
5/30/2022,109.51
5/31/2022,106.7
6/1/2022,106.7
6/2/2022,107.03
6/3/2022,112.12
6/4/2022,110.12
6/5/2022,109.95
6/6/2022,107.55
6/7/2022,108.33
6/8/2022,106.73
6/9/2022,108.96
6/10/2022,111.08
6/11/2022,108.22
6/12/2022,108.11
6/13/2022,107.99
6/14/2022,107.99
6/15/2022,107.34
6/16/2022,107.24
6/17/2022,105.86
6/18/2022,108.09
6/19/2022,109.14
6/20/2022,109.6
6/21/2022,107.48
6/22/2022,105.42
6/23/2022,104.96
6/24/2022,104.54
6/25/2022,104.38
6/26/2022,105.39
6/27/2022,105.39
6/28/2022,104.28
6/29/2022,104.32
6/30/2022,104.82
7/1/2022,105.38
7/2/2022,106.24
7/3/2022,106.2
7/4/2022,106.9
7/5/2022,106.18
7/6/2022,106.16
7/7/2022,105.38
7/8/2022,106.07
7/9/2022,105.9
7/10/2022,105.9
7/11/2022,107.13
7/12/2022,104.01
7/13/2022,104.69
7/14/2022,103.75
7/15/2022,105.23
7/16/2022,104.46
7/17/2022,101.47
7/18/2022,106.31
7/19/2022,104.82
7/20/2022,103.97
7/21/2022,104.41
7/22/2022,102.22
7/23/2022,102.22
7/24/2022,102.7
7/25/2022,102.44
7/26/2022,103.67
7/27/2022,103.79
7/28/2022,103.11
7/29/2022,104.11
7/30/2022,102.44
7/31/2022,104.63
8/1/2022,103.54
8/2/2022,104.45
8/3/2022,106.34
8/4/2022,105.72
8/5/2022,105.72
8/6/2022,105.22
8/7/2022,102.76
8/8/2022,101.8
8/9/2022,104.11
8/10/2022,103.86
8/11/2022,104.45
8/12/2022,104.61
8/13/2022,103.53
8/14/2022,103.64
8/15/2022,102.96
8/16/2022,102.98
8/17/2022,104.02
8/18/2022,104.02
8/19/2022,103.63
8/20/2022,103.25
8/21/2022,102.13
8/22/2022,103.04
8/23/2022,102.94
8/24/2022,100.22
8/25/2022,100.16
8/26/2022,101.78
8/27/2022,102.24
8/28/2022,102.8
8/29/2022,102
8/30/2022,101.27
8/31/2022,101.27
9/1/2022,100.54
9/2/2022,102.14
9/3/2022,103.2
9/4/2022,101.59
9/5/2022,102.7
9/6/2022,103.68
9/7/2022,103.35
9/8/2022,102.73
9/9/2022,101.79
9/10/2022,103.01
9/11/2022,103.1
9/12/2022,101.83
9/13/2022,101.83
9/14/2022,101.9
9/15/2022,100.28
9/16/2022,99.75
9/17/2022,103.47
9/18/2022,102.41
9/19/2022,102.51
9/20/2022,102.83
9/21/2022,102.73
9/22/2022,102.67
9/23/2022,103.9
9/24/2022,103.86
9/25/2022,104.69
9/26/2022,104.69
9/27/2022,102.65
9/28/2022,102.52
9/29/2022,101.39
9/30/2022,100.67
10/1/2022,104.06
10/2/2022,106.74
10/3/2022,104.29
10/4/2022,102.1
10/5/2022,102.14
10/6/2022,100.89
10/7/2022,102.63
10/8/2022,99.95
10/9/2022,99.95
10/10/2022,98.88
10/11/2022,101.28
10/12/2022,107.65
10/13/2022,103.72
10/14/2022,103.16
10/15/2022,103.06
10/16/2022,103.84
10/17/2022,103.26
10/18/2022,104.46
10/19/2022,104.93
10/20/2022,105.97
10/21/2022,107.07
10/22/2022,107.07
10/23/2022,103.23
10/24/2022,102.67
10/25/2022,103.66
10/26/2022,107.01
10/27/2022,106
10/28/2022,106.76
10/29/2022,105.14
10/30/2022,106.81
10/31/2022,104.09
11/1/2022,100.44
11/2/2022,106.18
11/3/2022,105.93
11/4/2022,105.93
11/5/2022,103.16
11/6/2022,103.59
11/7/2022,105.18
11/8/2022,106.14
11/9/2022,106.42
11/10/2022,105.63
11/11/2022,106.22
11/12/2022,107.3
11/13/2022,107.49
11/14/2022,107.75
11/15/2022,105.8
11/16/2022,102.24
11/17/2022,102.24
11/18/2022,102.12
11/19/2022,105.43
11/20/2022,108.59
11/21/2022,108.11
11/22/2022,108.18
11/23/2022,106.42
11/24/2022,105.08
11/25/2022,107.34
11/26/2022,109.44
11/27/2022,110.56
11/28/2022,110.12
11/29/2022,109.71
11/30/2022,109.71
12/1/2022,106.98
12/2/2022,107.09
12/3/2022,109.17
12/4/2022,108.79
12/5/2022,111.6
12/6/2022,112.86
12/7/2022,111.76
12/8/2022,109.46
12/9/2022,109.77
12/10/2022,111.83
12/11/2022,111.58
12/12/2022,111.38
12/13/2022,111.38
12/14/2022,110.7
12/15/2022,112.47
12/16/2022,109.28
12/17/2022,108.39
12/18/2022,108.89
12/19/2022,111.73
12/20/2022,111.98
12/21/2022,113.82
12/22/2022,112.63
12/23/2022,112.46
12/24/2022,112.62
12/25/2022,115.52
12/26/2022,115.52
12/27/2022,116.4
12/28/2022,114.94
12/29/2022,112.35
12/30/2022,111.68
12/31/2022,107.82
1/1/2023,107.96
1/2/2023,109.74
1/3/2023,110.63
1/4/2023,110.09
1/5/2023,109.18
1/6/2023,110.26
1/7/2023,109.24
1/8/2023,109.24
1/9/2023,108.47
1/10/2023,110.14
1/11/2023,110.15
1/12/2023,111.53
1/13/2023,109.98
1/14/2023,112.21
1/15/2023,110.96
1/16/2023,109.1
1/17/2023,112.48
1/18/2023,113.73
1/19/2023,111.47
1/20/2023,110.6
1/21/2023,110.6
1/22/2023,109.63
1/23/2023,108.24
1/24/2023,107.29
1/25/2023,111.65
1/26/2023,111.12
1/27/2023,111.23
1/28/2023,111.55
1/29/2023,110.27
1/30/2023,110.57
1/31/2023,112.74
2/1/2023,111.56
2/2/2023,112.91
2/3/2023,112.91
2/4/2023,113.09
2/5/2023,110.33
2/6/2023,109.29
2/7/2023,109.87
2/8/2023,112.7
2/9/2023,113.01
2/10/2023,113.48
2/11/2023,112.81
2/12/2023,110.82
2/13/2023,110.57
2/14/2023,108.61
2/15/2023,109.04
2/16/2023,109.04
2/17/2023,109.05
2/18/2023,110.68
2/19/2023,111.28
2/20/2023,109.4
2/21/2023,107.55
2/22/2023,107.19
2/23/2023,109.55
2/24/2023,109.26
2/25/2023,108.94
2/26/2023,109.67
2/27/2023,109.92
2/28/2023,107.78
3/1/2023,107.78
3/2/2023,108.38
3/3/2023,108.69
3/4/2023,111.93
3/5/2023,109.27
3/6/2023,108.43
3/7/2023,109.67
3/8/2023,108.23
3/9/2023,108.86
3/10/2023,109.42
3/11/2023,108.8
3/12/2023,108.69
3/13/2023,109.24
3/14/2023,109.24
3/15/2023,108.75
3/16/2023,107.47
3/17/2023,107.08
3/18/2023,107.89
3/19/2023,107.55
3/20/2023,107.82
3/21/2023,108.74
3/22/2023,107.9
3/23/2023,107.15
3/24/2023,107.57
3/25/2023,108.44
3/26/2023,107.13
3/27/2023,107.13
3/28/2023,106.75
3/29/2023,107.24
3/30/2023,107.54
3/31/2023,106.11
4/1/2023,109.68
4/2/2023,108.83
4/3/2023,107.63
4/4/2023,106.93
4/5/2023,106.39
4/6/2023,104.54
4/7/2023,109.06
4/8/2023,109.19
4/9/2023,109.19
4/10/2023,102.24
4/11/2023,105.71
4/12/2023,108.82
4/13/2023,108.29
4/14/2023,104.09
4/15/2023,111.37
4/16/2023,109.03
4/17/2023,108.94
4/18/2023,112.78
4/19/2023,109.35
4/20/2023,108.47
4/21/2023,111.93
4/22/2023,111.93
4/23/2023,100.76
4/24/2023,103.38
4/25/2023,106.55
4/26/2023,106.56
4/27/2023,107.17
4/28/2023,108.09
4/29/2023,106.79
4/30/2023,109.38
5/1/2023,106.61
5/2/2023,106.92
5/3/2023,110.24
5/4/2023,105.91
5/5/2023,105.91
5/6/2023,106.99
5/7/2023,108.58
5/8/2023,108.58
5/9/2023,102.81
5/10/2023,110.96
5/11/2023,111.15
5/12/2023,111.76
5/13/2023,107.74
5/14/2023,107.78
5/15/2023,106.46
5/16/2023,107.46
5/17/2023,108.74
5/18/2023,108.74
5/19/2023,108.22
5/20/2023,103.28
5/21/2023,110.5
5/22/2023,103.54
5/23/2023,105.89
5/24/2023,111.84
5/25/2023,102.68
5/26/2023,107.9
5/27/2023,106.06
5/28/2023,105.5
5/29/2023,108.08
5/30/2023,101.61
5/31/2023,101.61
6/1/2023,115.87
6/2/2023,100.76
6/3/2023,104.2
6/4/2023,99.9
6/5/2023,108.83
6/6/2023,97.95
6/7/2023,101.97
6/8/2023,106.88
6/9/2023,103.3
6/10/2023,108.42
6/11/2023,104.11
6/12/2023,111.28
6/13/2023,111.28
6/14/2023,100.11
6/15/2023,107.83
6/16/2023,107.34
6/17/2023,106.26
6/18/2023,102.86
6/19/2023,101.34
6/20/2023,103.93
6/21/2023,102.15
6/22/2023,106.52
6/23/2023,101.24
6/24/2023,106.86
6/25/2023,101.51
6/26/2023,101.51
6/27/2023,110.59
6/28/2023,105.61
6/29/2023,103.97
6/30/2023,98.78
7/1/2023,108.91
7/2/2023,101.6
7/3/2023,99.14
7/4/2023,107.81
7/5/2023,104.36
7/6/2023,101.56
7/7/2023,102.18
7/8/2023,109.54
7/9/2023,109.54
7/10/2023,116.58
7/11/2023,101.05
7/12/2023,104.84
7/13/2023,108.2
7/14/2023,102.3
7/15/2023,103.87
7/16/2023,109.49
7/17/2023,103.07
7/18/2023,104.93
7/19/2023,102.11
7/20/2023,101.24
7/21/2023,101.33
7/22/2023,101.33
7/23/2023,93.58
7/24/2023,109.49
7/25/2023,93.49
7/26/2023,107.62
7/27/2023,101.94
7/28/2023,108.13
7/29/2023,103.82
7/30/2023,101.22
7/31/2023,102.88
8/1/2023,104.04
8/2/2023,103.08
8/3/2023,101.88
8/4/2023,101.88
8/5/2023,105.63
8/6/2023,100.76
8/7/2023,102.63
8/8/2023,101.79
8/9/2023,102.99
8/10/2023,103.67
8/11/2023,99.19
8/12/2023,101.57
8/13/2023,104.22
8/14/2023,102.62
8/15/2023,95.18
8/16/2023,105.71
8/17/2023,105.71
8/18/2023,102.92
8/19/2023,102.52
8/20/2023,100.86
8/21/2023,102.96
8/22/2023,101.75
8/23/2023,99.24
8/24/2023,103.1
8/25/2023,102.67
8/26/2023,100.1
8/27/2023,99.93
8/28/2023,96.41
8/29/2023,101.87
8/30/2023,101.87
8/31/2023,99.02
9/1/2023,101.58
9/2/2023,99.97
9/3/2023,99.85
9/4/2023,102.29
9/5/2023,99.79
9/6/2023,99.31
9/7/2023,100.75
9/8/2023,103.42
9/9/2023,100.1
9/10/2023,98.75
9/11/2023,97.33
9/12/2023,97.33
9/13/2023,103.84
9/14/2023,96.97
9/15/2023,98.98
9/16/2023,96.38
9/17/2023,97.44
9/18/2023,98.65
9/19/2023,98.56
9/20/2023,100.68
9/21/2023,100.98
9/22/2023,98.91
9/23/2023,99.78
9/24/2023,100
9/25/2023,100
9/26/2023,98.13
9/27/2023,98.51
9/28/2023,100.03
9/29/2023,98.94
9/30/2023,98.21
10/1/2023,97.47
10/2/2023,100.48
10/3/2023,95.91
10/4/2023,99.25
10/5/2023,100.6
10/6/2023,100.4
10/7/2023,97.64
10/8/2023,97.64
10/9/2023,95.74
10/10/2023,103.84
10/11/2023,100.5
10/12/2023,96.7
10/13/2023,102.39
10/14/2023,98.68
10/15/2023,99.94
10/16/2023,100.31
10/17/2023,101.08
10/18/2023,100.03
10/19/2023,101.69
10/20/2023,100.27
10/21/2023,100.27
10/22/2023,102.46
10/23/2023,98.29
10/24/2023,104.13
10/25/2023,102.11
10/26/2023,105.77
10/27/2023,100.99
10/28/2023,98.85
10/29/2023,102.92
10/30/2023,94.72
10/31/2023,102.86
11/1/2023,99.66
11/2/2023,99.3
11/3/2023,99.3
11/4/2023,99.52
11/5/2023,99.48
11/6/2023,96.42
11/7/2023,98.41
11/8/2023,94.62
11/9/2023,96.48
11/10/2023,99.36
11/11/2023,100.69
11/12/2023,101.96
11/13/2023,100.3
11/14/2023,98.31
11/15/2023,101.7
11/16/2023,101.7
11/17/2023,101.04
11/18/2023,99.81
11/19/2023,101.65
11/20/2023,99.38
11/21/2023,103.58
11/22/2023,100.33
11/23/2023,102.05
11/24/2023,104.64
11/25/2023,101.96
11/26/2023,104.92
11/27/2023,99.26
11/28/2023,101.74
11/29/2023,101.74
11/30/2023,105.24
12/1/2023,96.68
12/2/2023,103.87
12/3/2023,101.63
12/4/2023,102.66
12/5/2023,101.47
12/6/2023,100.7
12/7/2023,109.92
12/8/2023,95.89
12/9/2023,102.94
12/10/2023,102.61
12/11/2023,102.42
12/12/2023,102.42
12/13/2023,102.78
12/14/2023,102.41
12/15/2023,99.38
12/16/2023,96.26
12/17/2023,101.33
12/18/2023,98.21
12/19/2023,103.39
12/20/2023,102.93
12/21/2023,105.37
12/22/2023,103.24
12/23/2023,100.12
12/24/2023,103.01
12/25/2023,103.01
12/26/2023,103.97
12/27/2023,103.44
12/28/2023,106.02
12/29/2023,102.6
12/30/2023,103.86
12/31/2023,100.64
